<?xml version="1.0" encoding="UTF-8"?>
<window>
	<defaultcontrol always="true">3</defaultcontrol>
	<coordinates>
		<left>256</left>
		<top>180</top>
	</coordinates>
	<include>dialogeffect</include>
	<controls>
		<control type="group">
			<include content="DialogBackgroundCommons">
				<param name="DialogBackgroundWidth" value="1408"/>
				<param name="DialogBackgroundHeight" value="720"/>
				<param name="DialogHeaderWidth" value="1368"/>
				<param name="DialogHeaderId" value="2"/>
				<param name="CloseButtonLeft" value="1273"/>
				<param name="CloseButtonNav" value="10"/>
			</include>
			<control type="group">
				<left>30</left>
				<top>101</top>
				<control type="image">
					<left>0</left>
					<top>0</top>
					<width>321</width>
					<height>465</height>
					<bordertexture infill="false" border="5">button-nofocus.png</bordertexture>
					<bordersize>5</bordersize>
					<texture background="true">$VAR[VideoManagerPosterThumb]</texture>
					<aspectratio align="left" aligny="top">keep</aspectratio>
				</control>
				<control type="image">
					<left>6</left>
					<top>6</top>
					<width>216</width>
					<height>240</height>
					<aspectratio>stretch</aspectratio>
					<texture>GlassOverlay.png</texture>
					<colordiffuse>AAFFFFFF</colordiffuse>
				</control>
				<control type="list" id="50">
					<left>351</left>
					<width>625</width>
					<height>552</height>
					<onup>50</onup>
					<ondown>50</ondown>
					<onleft>7</onleft>
					<onright>61</onright>
					<pagecontrol>61</pagecontrol>
					<scrolltime>200</scrolltime>
					<itemlayout height="138" width="625">
						<control type="image">
							<left>0</left>
							<top>0</top>
							<width>625</width>
							<height>129</height>
							<texture border="5">button-nofocus.png</texture>
						</control>
						<control type="image">
							<left>3</left>
							<top>5</top>
							<width>120</width>
							<height>120</height>
							<texture background="true">$VAR[VideoManagerPosterThumb]</texture>
							<aspectratio>keep</aspectratio>
							<bordertexture infill="false" border="3">black-back2.png</bordertexture>
							<bordersize>2</bordersize>
						</control>
						<control type="label">
							<left>135</left>
							<top>3</top>
							<width>475</width>
							<height>45</height>
							<font>font13</font>
							<textcolor>grey</textcolor>
							<selectedcolor>selected</selectedcolor>
							<align>left</align>
							<aligny>center</aligny>
							<label>[B]$VAR[VideoManagerLabel][/B]</label>
						</control>
						<control type="textbox">
							<left>135</left>
							<top>51</top>
							<width>475</width>
							<height>68</height>
							<font>font12</font>
							<textcolor>grey</textcolor>
							<selectedcolor>selected</selectedcolor>
							<align>left</align>
							<label>$VAR[VideoManagerLabel2]</label>
						</control>
					</itemlayout>
					<focusedlayout height="138" width="625">
						<control type="image">
							<left>0</left>
							<top>0</top>
							<width>625</width>
							<height>129</height>
							<texture border="5">button-nofocus.png</texture>
							<visible>!Control.HasFocus(50)</visible>
							<include>VisibleFadeEffect</include>
						</control>
						<control type="image">
							<left>0</left>
							<top>0</top>
							<width>625</width>
							<height>129</height>
							<texture border="5">button-focus2.png</texture>
							<visible>Control.HasFocus(50)</visible>
							<include>VisibleFadeEffect</include>
						</control>
						<control type="image">
							<left>3</left>
							<top>5</top>
							<width>120</width>
							<height>120</height>
							<texture background="true">$VAR[VideoManagerPosterThumb]</texture>
							<aspectratio>keep</aspectratio>
							<bordertexture infill="false" border="3">black-back2.png</bordertexture>
							<bordersize>2</bordersize>
						</control>
						<control type="label">
							<left>135</left>
							<top>3</top>
							<width>475</width>
							<height>45</height>
							<font>font13</font>
							<textcolor>white</textcolor>
							<selectedcolor>selected</selectedcolor>
							<align>left</align>
							<aligny>center</aligny>
							<label>[B]$VAR[VideoManagerLabel][/B]</label>
						</control>
						<control type="textbox">
							<left>135</left>
							<top>51</top>
							<width>475</width>
							<height>68</height>
							<font>font12</font>
							<textcolor>grey</textcolor>
							<selectedcolor>selected</selectedcolor>
							<align>left</align>
							<label>$VAR[VideoManagerLabel2]</label>
						</control>
					</focusedlayout>
				</control>
				<control type="label">
					<description>number of files/pages in list text label</description>
					<left>1006</left>
					<top>496</top>
					<width>360</width>
					<height>53</height>
					<font>font12</font>
					<align>center</align>
					<aligny>center</aligny>
					<textcolor>grey</textcolor>
					<label>([COLOR=blue]$INFO[Container(50).NumItems][/COLOR]) $LOCALIZE[31025] - $LOCALIZE[31024] ([COLOR=blue]$INFO[Container(50).CurrentPage]/$INFO[Container(50).NumPages][/COLOR])</label>
				</control>
				<control type="scrollbar" id="61">
					<left>976</left>
					<top>-6</top>
					<width>38</width>
					<height>558</height>
					<texturesliderbackground border="0,28,0,28">ScrollBarV.png</texturesliderbackground>
					<texturesliderbar border="0,28,0,28">ScrollBarV_bar.png</texturesliderbar>
					<texturesliderbarfocus border="0,28,0,28">ScrollBarV_bar_focus.png</texturesliderbarfocus>
					<textureslidernib>ScrollBarNib.png</textureslidernib>
					<textureslidernibfocus>ScrollBarNib.png</textureslidernibfocus>
					<onleft>50</onleft>
					<onright>90</onright>
					<ondown>61</ondown>
					<onup>61</onup>
					<showonepage>false</showonepage>
					<orientation>vertical</orientation>
				</control>
				<control type="grouplist" id="90">
					<left>1036</left>
					<top>48</top>
					<onleft>50</onleft>
					<onright>50</onright>
					<control type="button" id="21">
						<description>Play button</description>
						<width>300</width>
						<height>60</height>
						<label>$LOCALIZE[208]</label>
						<font>font12_title</font>
						<textcolor>white</textcolor>
						<focusedcolor>white</focusedcolor>
						<align>center</align>
					</control>
					<control type="button" id="22">
						<description>Add version button</description>
						<width>300</width>
						<height>60</height>
						<label>$LOCALIZE[40014]</label>
						<font>font12_title</font>
						<textcolor>white</textcolor>
						<focusedcolor>white</focusedcolor>
						<align>center</align>
						<visible>Window.IsVisible(managevideoversions)</visible>
					</control>
					<control type="button" id="23">
						<description>Add extras button</description>
						<width>300</width>
						<height>60</height>
						<label>$LOCALIZE[40015]</label>
						<font>font12_title</font>
						<textcolor>white</textcolor>
						<focusedcolor>white</focusedcolor>
						<align>center</align>
						<visible>Window.IsVisible(managevideoextras)</visible>
					</control>
					<control type="button" id="27">
						<description>Choose art button</description>
						<width>300</width>
						<height>60</height>
						<label>$LOCALIZE[13511]</label>
						<font>font12_title</font>
						<textcolor>white</textcolor>
						<focusedcolor>white</focusedcolor>
						<align>center</align>
					</control>
					<control type="button" id="24">
						<description>Rename version button</description>
						<width>300</width>
						<height>60</height>
						<label>$LOCALIZE[40004]</label>
						<font>font12_title</font>
						<textcolor>white</textcolor>
						<focusedcolor>white</focusedcolor>
						<align>center</align>
						<visible>Window.IsVisible(managevideoversions)</visible>
					</control>
					<control type="button" id="28">
						<description>Rename extra button</description>
						<width>300</width>
						<height>60</height>
						<label>$LOCALIZE[118]</label>
						<font>font12_title</font>
						<textcolor>white</textcolor>
						<focusedcolor>white</focusedcolor>
						<align>center</align>
						<visible>Window.IsVisible(managevideoextras)</visible>
					</control>
					<control type="button" id="26">
						<description>Remove button</description>
						<width>300</width>
						<height>60</height>
						<label>$LOCALIZE[15015]</label>
						<font>font12_title</font>
						<textcolor>white</textcolor>
						<focusedcolor>white</focusedcolor>
						<align>center</align>
					</control>
					<control type="button" id="25">
						<description>Set Default button</description>
						<width>300</width>
						<height>60</height>
						<label>$LOCALIZE[40023]</label>
						<font>font12_title</font>
						<textcolor>white</textcolor>
						<focusedcolor>white</focusedcolor>
						<align>center</align>
						<visible>Window.IsVisible(managevideoversions)</visible>
					</control>
				</control>
				<control type="label">
					<top>552</top>
					<width>1348</width>
					<height>45</height>
					<font>font10</font>
					<align>left</align>
					<aligny>center</aligny>
					<textcolor>grey</textcolor>
					<selectedcolor>white</selectedcolor>
					<scroll>true</scroll>
					<label>$INFO[Container(50).ListItem.FileNameAndPath]</label>
				</control>
			</control>
		</control>
	</controls>
</window>
