<?xml version="1.0" encoding="UTF-8"?>
<window>
    <onload condition="String.IsEmpty(Skin.String(info_delay)) | String.IsEqual(Skin.String(info_delay),1)">Skin.SetString(info_delay,0)</onload>
	<onload>RunScript(special://skin/scripts/autostart.py)</onload>
	<onload>Skin.SetBool(TMDbHelper.Service)</onload>
	<onload>Skin.SetString(TMDbHelper.MonitorContainer,99950)</onload>
	<onload>Skin.SetBool(TMDbHelper.DisableArtwork)</onload>
	<onload>Skin.Reset(TMDbHelper.DirectCallAuto)</onload>
	<onload>ReplaceWindow($INFO[System.StartupWindow])</onload>
	<onload>SetProperty(ReloadDone,1)</onload>
    <onload>SetProperty(ReloadDone,1,Home)</onload>	
	<controls />
</window>
