<?xml version="1.0" encoding="UTF-8"?>
<window type="dialog" id="1144">
    <defaultcontrol always="true">2021</defaultcontrol>
	<onload condition="Integer.IsEqual(Container(2021).NumItems,0)">SetFocus(20212)</onload>
	<onload condition="Skin.HasSetting(popautopause) + !Player.Paused">Pause</onload>
	<onunload condition="Player.Paused">PlayerControl(Play)</onunload>
        <controls>
       <control type="group">
		        <include>Animation_SlideIn_Dialog</include>
                <depth>DepthMax</depth>
                <right>0</right>
                <width>640</width>
                <bottom>120</bottom>
                <height>520</height>
                <control type="group">
                    <animation effect="slide" start="0" end="0,60" condition="Integer.IsEqual(Container(2021).NumItems,6)">Conditional</animation>
                    <animation effect="slide" start="0" end="0,120" condition="Integer.IsEqual(Container(2021).NumItems,5)">Conditional</animation>
                    <animation effect="slide" start="0" end="0,180" condition="Integer.IsEqual(Container(2021).NumItems,4)">Conditional</animation>
                    <animation effect="slide" start="0" end="0,240" condition="Integer.IsEqual(Container(2021).NumItems,3)">Conditional</animation>
                    <animation effect="slide" start="0" end="0,300" condition="Integer.IsEqual(Container(2021).NumItems,2)">Conditional</animation>
                    <animation effect="slide" start="0" end="0,360" condition="Integer.IsLess(Container(2021).NumItems,2)">Conditional</animation>
                    <control type="image">
                          <texture border="16" colordiffuse="90282a2e">common/dialog.png</texture>
						  <height>520</height>
						  <visible>Integer.IsGreater(Container(2021).NumItems,6)</visible>
                    </control>
					 <control type="image">
                          <texture border="16" colordiffuse="90282a2e">common/dialog.png</texture>
						  <height>460</height>
                          <visible>Integer.IsEqual(Container(2021).NumItems,6)</visible>
                    </control>	
                     <control type="image">
                          <texture border="16" colordiffuse="90282a2e">common/dialog.png</texture>
						  <height>400</height>
                          <visible>Integer.IsEqual(Container(2021).NumItems,5)</visible>
                    </control>	   
                    <control type="image">
                          <texture border="16" colordiffuse="90282a2e">common/dialog.png</texture>
						  <height>340</height>
                          <visible>Integer.IsEqual(Container(2021).NumItems,4)</visible>
                    </control>
                    <control type="image">
                          <texture border="16" colordiffuse="90282a2e">common/dialog.png</texture>
						 <height>280</height>
                        <visible>Integer.IsEqual(Container(2021).NumItems,3)</visible>
                    </control>
                   <control type="image">
                          <texture border="16" colordiffuse="90282a2e">common/dialog.png</texture>
						  <height>220</height>
                        <visible>Integer.IsEqual(Container(2021).NumItems,2)</visible>
                    </control>
                    <control type="image">
                          <texture border="16" colordiffuse="90282a2e">common/dialog.png</texture>
						  <height>160</height>
                        <visible>Integer.IsLess(Container(2021).NumItems,2)</visible>
                    </control> 
					<control type="group" id="20211">
                     <nested />
                     <height>120</height>
                     <control type="label">
                     <label>$LOCALIZE[287]</label>
					 <top>-20</top>
					 <left>-10</left>
                     <textoffsetx>30</textoffsetx>
                     <font>font13</font>
                     <aligny>center</aligny>
                    <textcolor>ff35e55e</textcolor>
                </control>               
				  
                    <control type="image">
					 <top>10</top>
					 <left>490</left>
					 <height>50</height>
                    <width>128</width>
                        <bordersize>0</bordersize>
                        <texture>logo.png</texture>
                    </control>
					 <control type="image">
                    <top>70</top>
                    <height>1</height>
                    <left>20</left>
                    <right>20</right>
                    <texture colordiffuse="white">common/white.png</texture>
                </control>
				   </control>
				<control type="panel" id="2021">
                        <top>80</top>
                        <left>0</left>
                        <ondown>2021</ondown>
                        <onup>2021</onup>
               <itemlayout height="60">
                    <control type="group">
							<top>20</top>
                            <left>20</left>
                          <right>20</right>
                      <control type="label">
						   <font>font11</font>
                           <textcolor>white</textcolor>
                          <label>$VAR[Label_StreamLanguage,[UPPERCASE],[/UPPERCASE]]$INFO[ListItem.Label2, [COLOR ff35e55e]|[/COLOR] ,]</label>
                      </control>
               <control type="label">
                    <left>340</left>
					<top>3</top>
                    <align>right</align>
					<width>108</width>
                    <label>$VAR[Label_PlayerStream_IsForced,  ,]$VAR[Label_PlayerStream_IsDefault,  ,]$VAR[Label_PlayerStream_IsOriginal,  ,]$INFO[ListItem.Property(codec),  ,]$INFO[ListItem.Property(channels),  , $LOCALIZE[10127]]$INFO[ListItem.Property(bitrate),  , bps]</label>
                    <font>font10</font>
                    <textcolor>white</textcolor>
                </control>
              <control type="image">
                    <left>430</left>
                    <top>-10</top>
                    <width>80</width>
                    <bordersize>15</bordersize>
                    <aspectratio align="right">keep</aspectratio>
                    <texture colordiffuse="white">subtitles/icon_close_caption.png</texture>
                    <animation effect="fade" end="33" condition="String.IsEmpty(ListItem.Property(isimpaired))">Conditional</animation>
                </control>
                <control type="image">
                    <left>470</left>
					<top>-10</top>
                    <width>80</width>
                    <bordersize>15</bordersize>
                    <aspectratio align="right">keep</aspectratio>
                    <texture colordiffuse="white">$VAR[Image_IsCurrentStream]</texture>
                    <visible>VideoPlayer.SubtitlesEnabled</visible>
                </control>
                <control type="image">
                     <left>470</left>
					<top>-10</top>
                    <width>80</width>
                    <bordersize>15</bordersize>
                    <aspectratio align="right">keep</aspectratio>
                    <texture colordiffuse="white">common/check-off.png</texture>
                    <visible>!VideoPlayer.SubtitlesEnabled</visible>
                </control>
                <control type="image">
                    <left>545</left>
					<top>-18</top>
                    <width>70</width>
					<height>70</height>
                    <bordersize>15</bordersize>
                    <aspectratio align="right">strech</aspectratio>
                    <texture>$INFO[ListItem.Property(language),flagging/color/language/,.png]</texture>
                </control>
            </control>
            </itemlayout>
              <focusedlayout height="60">
                  <control type="group">
				          <top>20</top>
                            <left>20</left>
                          <right>20</right>
				<control type="image">
						<left>10</left>
						<top>-15</top>
						<width>630</width>
						<height>60</height>
						<texture border="0,2,0,2">MenuItemFO.png</texture>
						<visible>Control.HasFocus(2021)</visible>
						<include>VisibleFadeEffect</include>
					</control>
            
                           <control type="label">
						   <font>font11</font>
                           <textcolor>FFFF8C00</textcolor>
                          <label>$VAR[Label_StreamLanguage,[UPPERCASE],[/UPPERCASE]]$INFO[ListItem.Label2, [COLOR ff35e55e]|[/COLOR] ,]</label>
                        </control>
                <control type="label">
                    <left>340</left>
					<top>3</top>
                    <align>right</align>
					<width>108</width>
                    <label>$VAR[Label_PlayerStream_IsForced,  ,]$VAR[Label_PlayerStream_IsDefault,  ,]$VAR[Label_PlayerStream_IsOriginal,  ,]$INFO[ListItem.Property(codec),  ,]$INFO[ListItem.Property(channels),  , $LOCALIZE[10127]]$INFO[ListItem.Property(bitrate),  , bps]</label>
                    <font>font10</font>
                    <textcolor>FFFF8C00</textcolor>
                </control>
                <control type="image">
                    <left>430</left>
                    <top>-10</top>
                    <width>80</width>
                    <bordersize>15</bordersize>
                    <aspectratio align="right">keep</aspectratio>
                    <texture colordiffuse="FFFF8C00">subtitles/icon_close_caption.png</texture>
                    <animation effect="fade" end="33" condition="String.IsEmpty(ListItem.Property(isimpaired))">Conditional</animation>
                </control>
                <control type="image">
                    <left>470</left>
					<top>-10</top>
                    <width>80</width>
                    <bordersize>15</bordersize>
                    <aspectratio align="right">keep</aspectratio>
                    <texture colordiffuse="FFFF8C00">$VAR[Image_IsCurrentStream]</texture>
                    <visible>VideoPlayer.SubtitlesEnabled</visible>
                </control>
                <control type="image">
                     <left>470</left>
					<top>-10</top>
                    <width>80</width>
                    <bordersize>15</bordersize>
                    <aspectratio align="right">keep</aspectratio>
                    <texture colordiffuse="FFFF8C00">common/check-off.png</texture>
                    <visible>!VideoPlayer.SubtitlesEnabled</visible>
                </control>

                <control type="image">
                    <left>545</left>
					<top>-18</top>
                    <width>70</width>
					<height>70</height>
                    <bordersize>15</bordersize>
                    <aspectratio align="right">strech</aspectratio>
                    <texture>$INFO[ListItem.Property(language),flagging/color/language/,.png]</texture>
                </control>
				</control>
             </focusedlayout>
                        <content>plugin://script.skinvariables?info=get_player_streams&amp;stream_type=subtitle&amp;reload=$INFO[Window.Property(UID)]</content>
                        <!--onclick condition="true + !String.IsEmpty(ListItem.Property(iscurrent))">Action(ShowSubtitles)</onclick-->
                        <onclick condition="![true + !String.IsEmpty(ListItem.Property(iscurrent))]">Runscript(script.skinvariables,set_player_subtitle=$INFO[ListItem.Property(index)],reload_property=UID)</onclick>
						<onclick condition="Player.Paused">PlayerControl(Play)</onclick>
						<onclick>Dialog.Close(1144)</onclick>
                    </control>
				<control type="button" id="20212">
					  <top>80</top>
					  <left>20</left>
					  <width>640</width>
					  <font>font13</font>
					  <align>left</align>
                      <textcolor>white</textcolor>
					  <focusedcolor>FFFF8C00</focusedcolor>
                      <label>无可用字幕</label>
					  <texturefocus>MenuItemFO.png</texturefocus>
					  <texturenofocus>MenuItemNF.png</texturenofocus>
					  <onclick condition="Player.Paused">PlayerControl(Play)</onclick>
					  <onclick>Dialog.Close(1144)</onclick>
					  <visible>Integer.IsEqual(Container(2021).NumItems,0)</visible>
                 </control>	
				</control>             
			 </control>	
    </controls>
</window>
