<?xml version="1.0" encoding="UTF-8"?>
<window type="dialog">
	<defaultcontrol always="true">3</defaultcontrol>
	<include>dialogeffect</include>
	<depth>DepthDialog+</depth>
	<controls>
		<include condition="String.IsEmpty(Window(home).Property(CheckPreviousEpisode)) + ![Window.IsActive(selectvideoversion) | Window.IsActive(selectvideoextra) | Window.IsActive(gamesaves) | Window.IsActive(gamestretchmode) | Window.IsActive(gamevideofilter) | Window.IsActive(gamevideorotation) | Window.IsActive(ingamesaves)] + !String.IsEqual(Skin.String(resumeselect),1)">DialogDefaultSelectLayout</include>
		<include condition="String.IsEqual(Skin.String(resumeselect),1)">DialogresumeSelect</include>
		<include condition="Window.IsActive(gamestretchmode) | Window.IsActive(gamevideofilter) | Window.IsActive(gamevideorotation) | Window.IsActive(ingamesaves)">DialogGameSelectLayout</include>
		<include condition="Window.IsActive(gamesaves)">DialogGameSelectSaveLayout</include>
		<include condition="Window.IsActive(selectvideoversion) | Window.IsActive(selectvideoextra)">DialogVideoSelectLayout</include>
		<include condition="!String.IsEmpty(Window(home).Property(CheckPreviousEpisode))">DialogCheckPreviousEpisodeLayout</include>
	</controls>
</window>
