<?xml version="1.0" encoding="UTF-8"?>
<window>
	<defaultcontrol always="true">9000</defaultcontrol>
	<controls>
		<include>CommonBackground</include>
		<control type="image">
			<left>0</left>
			<top>150r</top>
			<width>1920</width>
			<height>150</height>
			<texture>floor.png</texture>
			<include>VisibleFadeEffect</include>
		</control>
		<include content="CommonWindowHeader">
			<param name="Icon" value="icon_system" />
			<param name="Label" value="$LOCALIZE[20077]" />
		</include>
		<control type="group">
			<left>135</left>
			<top>45</top>
			<animation type="WindowOpen" reversible="false">
				<effect type="zoom" start="80" end="100" center="960,540" easing="out" tween="back" time="225" />
				<effect type="fade" start="0" end="100" time="225" />
			</animation>
			<animation type="WindowClose" reversible="false">
				<effect type="zoom" start="100" end="80" center="960,540" easing="in" tween="back" time="225" />
				<effect type="fade" start="100" end="0" time="225" />
			</animation>
			<control type="image">
				<left>8</left>
				<top>8</top>
				<width>1635</width>
				<height>945</height>
				<texture border="16" colordiffuse="$VAR[transselect1]">common/dialog.png</texture>
			</control>
			<control type="image">
				<left>8</left>
				<top>938</top>
				<width>1635</width>
				<height>96</height>
				<texture border="15">ContentPanelMirror.png</texture>
			</control>
			<control type="image">
				<description>LOGO</description>
				<left>45</left>
				<top>23</top>
				<width>330</width>
				<height>80</height>
				<aspectratio>keep</aspectratio>
				<texture>Confluence_Logo.png</texture>
			</control>
			<control type="list" id="9000">
				<left>15</left>
				<top>135</top>
				<width>390</width>
				<height>722</height>
				<onleft>9010</onleft>
				<onright>9010</onright>
				<onup>9000</onup>
				<ondown>9000</ondown>
				<pagecontrol />
				<scrolltime>300</scrolltime>
				<itemlayout height="120" width="390">
					<control type="image">
						<left>0</left>
						<top>0</top>
						<width>390</width>
						<height>122</height>
						<texture border="5">MenuItemNF.png</texture>
					</control>
					<control type="label">
						<left>15</left>
						<top>23</top>
						<width>360</width>
						<height>38</height>
						<font>font24_title</font>
						<textcolor>grey3</textcolor>
						<align>right</align>
						<aligny>center</aligny>
						<label>$INFO[ListItem.Label]</label>
					</control>
					<control type="label">
						<left>15</left>
						<top>63</top>
						<width>360</width>
						<height>38</height>
						<font>font13</font>
						<textcolor>grey2</textcolor>
						<align>right</align>
						<aligny>center</aligny>
						<label>$INFO[ListItem.Label2]</label>
					</control>
				</itemlayout>
				<focusedlayout height="120" width="390">
					<control type="image">
						<left>0</left>
						<top>0</top>
						<width>390</width>
						<height>122</height>
						<texture border="5">MenuItemFOnew.png</texture>
						<animation effect="fade" start="100" end="30" time="75" condition="!Control.HasFocus(9000)">Conditional</animation>
					</control>
					<control type="label">
						<left>15</left>
						<top>23</top>
						<width>360</width>
						<height>38</height>
						<font>font24_title</font>
						<textcolor>white</textcolor>
						<align>right</align>
						<aligny>center</aligny>
						<label>$INFO[ListItem.Label]</label>
					</control>
					<control type="label">
						<left>15</left>
						<top>63</top>
						<width>360</width>
						<height>38</height>
						<font>font13</font>
						<textcolor>grey3</textcolor>
						<align>right</align>
						<aligny>center</aligny>
						<label>$INFO[ListItem.Label2]</label>
					</control>
				</focusedlayout>
				<content>
				    <item id="6">
						<label>皮肤说明</label>
						<label2>备份/恢复/复位</label2>
					</item>
					<item id="1">
						<label>128</label>
						<label2>5</label2>
					</item>
					<item id="2">
						<label>513</label>
						<label2>31112</label2>
					</item>
					<item id="4">
						<label>主菜单图标</label>
						<label2>自定义壁纸</label2>
					</item>
					<item id="3">
						<label>31102</label>
						<label2>31112</label2>
					</item>
					<item id="5">
						<label>所需依赖</label>
						<label2>插件名称</label2>
					</item>
					
				</content>
			</control>
			<control type="image">
				<left>402</left>
				<top>15</top>
				<width>1185</width>
				<height>927</height>
				<texture border="5">black-back2.png</texture>
			</control>
			<control type="image">
				<left>402</left>
				<top>15</top>
				<width>1185</width>
				<height>78</height>
				<texture>dialogheader.png</texture>
			</control>
			<control type="label">
				<description>header label</description>
				<left>450</left>
				<top>30</top>
				<width>1089</width>
				<height>45</height>
				<font>font16</font>
				<label>$LOCALIZE[20077] - $INFO[Container(9000).ListItem.Label]</label>
				<align>center</align>
				<aligny>center</aligny>
				<textcolor>white</textcolor>
				<shadowcolor>black</shadowcolor>
			</control>
			<control type="group" id="9010">
			    <control type="grouplist" id="9006">
						<visible>Container(9000).Hasfocus(6) | Window.IsVisible(1126)</visible>
						<left>435</left>
						<top>85</top>
						<width>1125</width>
						<height>855</height>
						<itemgap>-2</itemgap>
						<pagecontrol>60</pagecontrol>
						<onleft>9000</onleft>
						<onright>60</onright>
						<onup>9006</onup>
						<ondown>9006</ondown>
						<usecontrolcoords>true</usecontrolcoords>
					<control type="image">
                            <description>Skin Sign</description>
                            <left>58</left>
                            <width>989</width>
                            <height>350</height>
                            <texture>common/MINSK.jpg</texture>
                            <bordersize>5</bordersize>
                            <aspectratio>keep</aspectratio>
                        </control>
					<control type="textbox">
                            <description>Skin description</description>
                            <top>10</top>
							<left>0</left>
                            <height>372</height>
                            <width>1120</width>
                            <font>font12</font>
							<textcolor>blue</textcolor>
                            <label>本皮肤由[COLOR FFFFA500]CE交流群-明斯克[/COLOR]基于[COLOR ffb635e5]KODI官方Confluence皮肤[/COLOR]深度优化打造，在保持流畅运行的前提下融合了多款流行皮肤的精华功能，并加入多项创新设计，致力于为[COLOR ff35e55e]CE爱好者[/COLOR]提供极致的视觉体验与操作便利。
[COLOR white]主要功能集成了地平线风格海报墙，三行八列海报展示，光盘入盒滚动动画(可设置关闭)，剧集列表，播放页面可选剧集(书签)，播放页面加载剧情详情页和演员列表详情页，快捷选择字幕和音轨以及各种美化，更多细节欢迎各位喜爱KODI和CE的朋友深入体验。[/COLOR]
[COLOR ffFF8C00]CE交流群（532568068）是国内最活跃的CoreELEC技术社区，专注CE刷机、技巧分享与影音优化。无论您是新手还是极客，这里都能找到志同道合的伙伴！[/COLOR]
[COLOR ff64e535]群内福利:24小时在线答疑，手把手解决使用难题;定期分享皮肤插件、影音资源及玩法教程;零门槛入门，只需一颗热爱折腾的心！[/COLOR]</label>
                            <align>left</align>
                        </control>
						<control type="label">
                            <description>Skin description</description>
                            <top>-20</top>
					   <left>0</left>
                            <height>60</height>
                            <width>1120</width>
                            <font>font30</font>
					   <textcolor>FFFF5F1F</textcolor>
                            <label>期待您的加入，一起探索CE的无限可能！</label>
                            <align>center</align>
                        </control>
				 <control type="group" id="90061">
					<control type="button" id="900611">
					 <top>15</top>
					 <left>0</left>
					    <onleft>9000</onleft>
				        <onright>900612</onright>
				        <width>359</width>
						<height>60</height>
						<font>font13</font>
						<textcolor>white</textcolor>
						<focusedcolor>FF00FF00</focusedcolor>
						<texturefocus>button-focus.png</texturefocus>
						<texturenofocus>button-focus.png</texturenofocus>
					    <label>备份皮肤设置</label>
						<align>center</align>					   
					    <include>DefaultSettingButton</include>
						<onclick condition="!System.HasAddon(script.xbmcbackup)">InstallAddon(script.xbmcbackup)</onclick>
						<onclick condition="!System.AddonIsEnabled(script.xbmcbackup)">EnableAddon(script.xbmcbackup)</onclick>
						<onclick>RunScript(script.xbmcbackup,mode=backup)</onclick>
						<animation effect="fade" start="100" end="50" time="75" condition="!Control.HasFocus(900611)">Conditional</animation>
				 </control>
				 <control type="button" id="900612">
					 <top>15</top>
					 <left>383</left>
					 <onleft>900611</onleft>
					  <onright>900613</onright>
				        <width>359</width>
						<height>60</height>
						<font>font13</font>
						<textcolor>white</textcolor>
						<focusedcolor>red</focusedcolor>
						<texturefocus>button-focus.png</texturefocus>
						<texturenofocus>button-focus.png</texturenofocus>
					    <label>恢复皮肤设置</label>
						<align>center</align>					   
					    <include>DefaultSettingButton</include>
					    <onclick condition="!System.HasAddon(script.xbmcbackup)">InstallAddon(script.xbmcbackup)</onclick>
						<onclick condition="!System.AddonIsEnabled(script.xbmcbackup)">EnableAddon(script.xbmcbackup)</onclick>
						<onclick>RunScript(script.xbmcbackup,mode=restore)</onclick>
						<animation effect="fade" start="100" end="50" time="75" condition="!Control.HasFocus(900612)">Conditional</animation>
				 </control>
					<control type="button" id="900613">
					 <top>15</top>
					 <left>766</left>
					 <onleft>900612</onleft>
					  <onright>9000</onright>
				        <width>359</width>
						<height>60</height>
						<font>font13</font>
						<textcolor>white</textcolor>
						<focusedcolor>red</focusedcolor>
						<texturefocus>button-focus.png</texturefocus>
						<texturenofocus>button-focus.png</texturenofocus>
					    <label>复位皮肤设置</label>
						<align>center</align>					   
					    <include>DefaultSettingButton</include>
						<onclick>ActivateWindow(1126)</onclick>
						<animation effect="fade" start="100" end="50" time="75" condition="!Control.HasFocus(900613)">Conditional</animation>
				 </control>
				 </control>
				</control>
				<control type="scrollbar" id="60">
					<left>1590</left>
					<top>90</top>
					<width>38</width>
					<height>795</height>
					<texturesliderbackground border="0,28,0,28">ScrollBarV.png</texturesliderbackground>
					<texturesliderbar border="0,28,0,28">ScrollBarV_bar.png</texturesliderbar>
					<texturesliderbarfocus border="0,28,0,28">ScrollBarV_bar_focus.png</texturesliderbarfocus>
					<textureslidernib>ScrollBarNib.png</textureslidernib>
					<textureslidernibfocus>ScrollBarNib.png</textureslidernibfocus>
					<onleft>9006</onleft>
					<onright>9000</onright>
					<showonepage>false</showonepage>
					<orientation>vertical</orientation>
					<visible>Container(9000).Hasfocus(6)</visible>
				</control>
				<control type="grouplist" id="9001">
					<visible>Container(9000).Hasfocus(1)</visible>
					<left>435</left>
					<top>90</top>
					<width>1125</width>
					<height>795</height>
					<itemgap>-2</itemgap>
					<pagecontrol>61</pagecontrol>
					<onleft>9000</onleft>
					<onright>61</onright>
					<onup>9001</onup>
					<ondown>9001</ondown>
					<control type="label" id="100">
						<width>1125</width>
						<height>68</height>
						<font>font13_title</font>
						<label>31106</label>
						<textcolor>blue</textcolor>
						<shadowcolor>black</shadowcolor>
						<align>left</align>
						<aligny>center</aligny>
					</control>
					<control type="radiobutton" id="1012">
						<width>1125</width>
						<height>60</height>
						<font>font13</font>
						<label>允许皮肤更新</label>
						<textcolor>grey2</textcolor>
						<focusedcolor>white</focusedcolor>
						<texturefocus>MenuItemFOnew.png</texturefocus>
						<texturenofocus>MenuItemNF.png</texturenofocus>
						<onclick>Skin.ToggleSetting(allowskinupdate)</onclick>
						<selected>!Skin.HasSetting(allowskinupdate)</selected>
					</control>
					<control type="button" id="1011">
						<width>1125</width>
						<height>60</height>
						<font>font13</font>
						<label>UI视窗透明度选择</label>
						<textcolor>grey2</textcolor>
						<focusedcolor>white</focusedcolor>
						<texturefocus>MenuItemFOnew.png</texturefocus>
						<texturenofocus>MenuItemNF.png</texturenofocus>
						<onclick>Skin.SelectBool(31391, 31390|100trans, 31393|90trans, 31394|80trans, 31395|70trans)</onclick>
						<label2>$VAR[transselect]</label2>
					</control>
					<control type="button" id="1013">
						<width>1125</width>
						<height>60</height>
						<font>font13</font>
						<label>ISO原盘续播(保持记忆字幕/音轨并可切换)</label>
						<textcolor>grey2</textcolor>
						<focusedcolor>white</focusedcolor>
						<texturefocus>MenuItemFOnew.png</texturefocus>
						<texturenofocus>MenuItemNF.png</texturenofocus>
						<onclick>Skin.SelectBool(31414, 31415|allvideos,31417|offresume)</onclick>
						<label2>$VAR[resumeplayvar]</label2>
					</control>
					<control type="radiobutton" id="1014">
						<width>1125</width>
						<height>60</height>
						<font>font13</font>
						<label>点击电影页面快捷海报进入信息页(默认选择动作需要设为显示信息)</label>
						<textcolor>grey2</textcolor>
						<focusedcolor>white</focusedcolor>
						<texturefocus>MenuItemFOnew.png</texturefocus>
						<texturenofocus>MenuItemNF.png</texturenofocus>
						<onclick>Skin.ToggleSetting(moviepageinfo)</onclick>
						<selected>Skin.HasSetting(moviepageinfo)</selected>
						<visible>!Skin.HasSetting(offresume)</visible>
					</control>
					<control type="radiobutton" id="1015">
						<width>1125</width>
						<height>60</height>
						<font>font13</font>
						<label>主页面网盘采用STRM浏览模式(提高浏览速度)</label>
						<textcolor>grey2</textcolor>
						<focusedcolor>white</focusedcolor>
						<texturefocus>MenuItemFOnew.png</texturefocus>
						<texturenofocus>MenuItemNF.png</texturenofocus>
						<onclick condition="!Skin.HasSetting(cd2strm)">RunScript(special://skin/scripts/cd2strm.py,monitor)</onclick>
						<onclick>Skin.ToggleSetting(cd2strm)</onclick>
						<selected>Skin.HasSetting(cd2strm)</selected>
					</control>
				   <control type="radiobutton" id="41">
					    <width>1125</width>
						<height>60</height>
						<font>font13</font>
					    <label>页面底部显示媒体路径</label>
						<textcolor>grey2</textcolor>
						<focusedcolor>white</focusedcolor>
						<texturefocus>MenuItemFOnew.png</texturefocus>
						<texturenofocus>MenuItemNF.png</texturenofocus>
					    <selected>!Skin.HasSetting(filepathon)</selected>
					    <onclick>Skin.ToggleSetting(filepathon)</onclick>
				   </control>
				   <control type="radiobutton" id="411">
					    <width>1125</width>
						<height>60</height>
						<font>font13</font>
					    <label>点击剧集直接播放(不进入详情页)</label>
						<textcolor>grey2</textcolor>
						<focusedcolor>white</focusedcolor>
						<texturefocus>MenuItemFOnew.png</texturefocus>
						<texturenofocus>MenuItemNF.png</texturenofocus>
					    <selected>!Skin.HasSetting(noepdetail)</selected>
					    <onclick>Skin.ToggleSetting(noepdetail)</onclick>
				   </control>						
					<control type="radiobutton" id="101">
						<width>1125</width>
						<height>60</height>
						<font>font13</font>
						<label>接SDR显示端自动启用转SDR播放</label>
						<textcolor>grey2</textcolor>
						<focusedcolor>white</focusedcolor>
						<texturefocus>MenuItemFOnew.png</texturefocus>
						<texturenofocus>MenuItemNF.png</texturenofocus>
						<onclick>Skin.ToggleSetting(autovideotosdr)</onclick>
						<selected>!Skin.HasSetting(autovideotosdr)</selected>
					</control>
					<control type="button" id="10111">
						<width>1125</width>
						<height>60</height>
						<font>font13</font>
						<label>选择适配的遥控器</label>
						<textcolor>grey2</textcolor>
						<focusedcolor>white</focusedcolor>
						<texturefocus>MenuItemFOnew.png</texturefocus>
						<texturenofocus>MenuItemNF.png</texturenofocus>
						<onclick>Skin.SelectBool(31408, 31409|CMBremote, 31410|6bur02remote)</onclick>
						<onclick>$VAR[remoteselect]</onclick>
						<label2>$VAR[remoteselect1]</label2>
					</control>
					<control type="radiobutton" id="102">
						<width>1125</width>
						<height>60</height>
						<font>font13</font>
						<label>显示字母排序列表</label>
						<textcolor>grey2</textcolor>
						<focusedcolor>white</focusedcolor>
						<texturefocus>MenuItemFOnew.png</texturefocus>
						<texturenofocus>MenuItemNF.png</texturenofocus>
						<onclick>Skin.ToggleSetting(ShowLetterlist)</onclick>
						<selected>Skin.HasSetting(ShowLetterlist)</selected>
					</control>
					<control type="radiobutton" id="107">
						<width>1125</width>
						<height>60</height>
						<font>font13</font>
						<label>使用简易一键音轨选择窗</label>
						<textcolor>grey2</textcolor>
						<focusedcolor>white</focusedcolor>
						<texturefocus>MenuItemFOnew.png</texturefocus>
						<texturenofocus>MenuItemNF.png</texturenofocus>
						<onclick>Skin.ToggleSetting(simpleaudio)</onclick>
						<selected>Skin.HasSetting(simpleaudio)</selected>
					</control>
					<control type="radiobutton" id="106">
						<width>1125</width>
						<height>60</height>
						<font>font13</font>
						<label>隐藏详情页面的角标(CLEARART)</label>
						<textcolor>grey2</textcolor>
						<focusedcolor>white</focusedcolor>
						<texturefocus>MenuItemFOnew.png</texturefocus>
						<texturenofocus>MenuItemNF.png</texturenofocus>
						<onclick>Skin.ToggleSetting(hideclearart)</onclick>
						<selected>Skin.HasSetting(hideclearart)</selected>
					</control>
					<control type="radiobutton" id="108">
						<width>1125</width>
						<height>60</height>
						<font>font13</font>
						<label>自动隐藏详情页剧情介绍</label>
						<textcolor>grey2</textcolor>
						<focusedcolor>white</focusedcolor>
						<texturefocus>MenuItemFOnew.png</texturefocus>
						<texturenofocus>MenuItemNF.png</texturenofocus>
						<onclick>Skin.ToggleSetting(hideinfoplot)</onclick>
						<selected>Skin.HasSetting(hideinfoplot)</selected>
					</control>
					<control type="radiobutton" id="112">
						<width>1125</width>
						<height>60</height>
						<font>font13</font>
						<label>播放页面展示海报(替代光盘转动)</label>
						<textcolor>grey2</textcolor>
						<focusedcolor>white</focusedcolor>
						<texturefocus>MenuItemFOnew.png</texturefocus>
						<texturenofocus>MenuItemNF.png</texturenofocus>
						<onclick>Skin.ToggleSetting(posterinplaypage)</onclick>
						<selected>Skin.HasSetting(posterinplaypage)</selected>
					</control>
					<control type="radiobutton" id="103">
						<width>1125</width>
						<height>60</height>
						<font>font13</font>
						<label>影片标题用文字显示(不用CLEARLOGO)</label>
						<textcolor>grey2</textcolor>
						<focusedcolor>white</focusedcolor>
						<texturefocus>MenuItemFOnew.png</texturefocus>
						<texturenofocus>MenuItemNF.png</texturenofocus>
						<onclick>Skin.ToggleSetting(titlenoclearlogo)</onclick>
						<selected>Skin.HasSetting(titlenoclearlogo)</selected>
					</control>
					<control type="radiobutton" id="104">
						<width>1125</width>
						<height>60</height>
						<font>font13</font>
						<label>呼出一键字幕/音轨自动暂停播放</label>
						<textcolor>grey2</textcolor>
						<focusedcolor>white</focusedcolor>
						<texturefocus>MenuItemFOnew.png</texturefocus>
						<texturenofocus>MenuItemNF.png</texturenofocus>
						<onclick>Skin.ToggleSetting(popautopause)</onclick>
						<selected>Skin.HasSetting(popautopause)</selected>
					</control>
					<control type="radiobutton" id="105">
						<width>1125</width>
						<height>60</height>
						<font>font13</font>
						<label>按返回键直接停止播放(不再弹出确认窗)</label>
						<textcolor>grey2</textcolor>
						<focusedcolor>white</focusedcolor>
						<texturefocus>MenuItemFOnew.png</texturefocus>
						<texturenofocus>MenuItemNF.png</texturenofocus>
						<onclick>Skin.ToggleSetting(backstopplay)</onclick>
						<selected>Skin.HasSetting(backstopplay)</selected>
					</control>
					<!--control type="radiobutton" id="113">
						<width>1125</width>
						<height>60</height>
						<font>font13</font>
						<label>31107</label>
						<textcolor>grey2</textcolor>
						<focusedcolor>white</focusedcolor>
						<texturefocus>MenuItemFOnew.png</texturefocus>
						<texturenofocus>MenuItemNF.png</texturenofocus>
						<onclick>Skin.ToggleSetting(HideFilenameFlagging)</onclick>
						<selected>Skin.HasSetting(HideFilenameFlagging)</selected>
					</control>
					<control type="radiobutton" id="116">
						<width>1125</width>
						<height>60</height>
						<font>font13</font>
						<label>隐藏地平线海报页格式及类型一行</label>
						<textcolor>grey2</textcolor>
						<focusedcolor>white</focusedcolor>
						<texturefocus>MenuItemFOnew.png</texturefocus>
						<texturenofocus>MenuItemNF.png</texturenofocus>
						<onclick>Skin.ToggleSetting(Hidehorizone2)</onclick>
						<selected>Skin.HasSetting(Hidehorizone2)</selected>
					</control>
					<control type="radiobutton" id="117">
						<width>1125</width>
						<height>60</height>
						<font>font13</font>
						<label>隐藏地平线海报页评分及导演一行</label>
						<textcolor>grey2</textcolor>
						<focusedcolor>white</focusedcolor>
						<texturefocus>MenuItemFOnew.png</texturefocus>
						<texturenofocus>MenuItemNF.png</texturenofocus>
						<onclick>Skin.ToggleSetting(Hidehorizone3)</onclick>
						<selected>Skin.HasSetting(Hidehorizone3)</selected>
					</control>
					<control type="radiobutton" id="1171">
						<width>1125</width>
						<height>60</height>
						<font>font13</font>
						<label>隐藏地平线海报页剧情简介</label>
						<textcolor>grey2</textcolor>
						<focusedcolor>white</focusedcolor>
						<texturefocus>MenuItemFOnew.png</texturefocus>
						<texturenofocus>MenuItemNF.png</texturenofocus>
						<onclick>Skin.ToggleSetting(Hidehorizone4)</onclick>
						<selected>Skin.HasSetting(Hidehorizone4)</selected>
					</control-->
					<control type="button" id="118">
						<width>1125</width>
						<height>60</height>
						<font>font13</font>
						<label>31021</label>
						<textcolor>grey2</textcolor>
						<focusedcolor>white</focusedcolor>
						<texturefocus>MenuItemFOnew.png</texturefocus>
						<texturenofocus>MenuItemNF.png</texturenofocus>
						<onclick>Skin.SelectBool(31021, 31030|TitleFormat_nothing, 31036|TitleFormat_only, 31034|TitleFormat_1st, 31035|TitleFormat_2nd)</onclick>
						<label2>$VAR[ShowOriginalName]</label2>
					</control>
					<control type="radiobutton" id="1181">
					    <width>1125</width>
						<height>60</height>
						<font>font13</font>
						<textcolor>grey2</textcolor>
						<focusedcolor>white</focusedcolor>
						<texturefocus>MenuItemFOnew.png</texturefocus>
						<texturenofocus>MenuItemNF.png</texturenofocus>
					    <label>自动延迟关闭播放进度条和快捷字幕/音轨选择窗</label>
					    <include>DefaultSettingButton</include>
					    <selected>Skin.HasSetting(OSDAutoClose)</selected>
					    <onclick>Skin.ToggleSetting(OSDAutoClose)</onclick>
				</control>
				<control type="button" id="1182">
				        <width>1125</width>
						<height>60</height>
						<font>font13</font>
						<textcolor>grey2</textcolor>
						<focusedcolor>white</focusedcolor>
						<texturefocus>MenuItemFOnew.png</texturefocus>
						<texturenofocus>MenuItemNF.png</texturenofocus>
					    <label>- 设定自动关闭时间</label>
					    <label2>$VAR[SkinSettingOSDAutoCloseTime]秒</label2>
					    <include>DefaultSettingButton</include>
					    <onclick>Skin.SetNumeric(OSDAutoCloseTime)</onclick>
					    <enable>Skin.HasSetting(OSDAutoClose)</enable>
				 </control>
				 <control type="radiobutton" id="1183">
					    <width>1125</width>
						<height>60</height>
						<font>font13</font>
						<textcolor>grey2</textcolor>
						<focusedcolor>white</focusedcolor>
						<texturefocus>MenuItemFOnew.png</texturefocus>
						<texturenofocus>MenuItemNF.png</texturenofocus>
					    <label>启用皮肤DEBUG</label>
					    <include>DefaultSettingButton</include>
					    <selected>Skin.HasSetting(Skin.ToggleDebug)</selected>
					    <onclick>Skin.ToggleSetting(Skin.ToggleDebug)</onclick>
					    <onclick>Skin.ToggleDebug</onclick>
				</control>
				 <!--control type="radiobutton" id="5111">
					 <width>1125</width>
					<height>60</height>
						<font>font13</font>
						<textcolor>grey2</textcolor>
						<focusedcolor>white</focusedcolor>
						<texturefocus>MenuItemFOnew.png</texturefocus>
						<texturenofocus>MenuItemNF.png</texturenofocus>
					    <include>DefaultSettingButton</include>
					    <label>中间位海报作为焦点</label>
					    <selected>Skin.HasSetting(Usemiddleposition)</selected>
					    <onclick>Skin.ToggleSetting(Usemiddleposition)</onclick>
				</control-->
				</control>
				<control type="scrollbar" id="61">
					<left>1590</left>
					<top>90</top>
					<width>38</width>
					<height>795</height>
					<texturesliderbackground border="0,28,0,28">ScrollBarV.png</texturesliderbackground>
					<texturesliderbar border="0,28,0,28">ScrollBarV_bar.png</texturesliderbar>
					<texturesliderbarfocus border="0,28,0,28">ScrollBarV_bar_focus.png</texturesliderbarfocus>
					<textureslidernib>ScrollBarNib.png</textureslidernib>
					<textureslidernibfocus>ScrollBarNib.png</textureslidernibfocus>
					<onleft>9001</onleft>
					<onright>9000</onright>
					<showonepage>false</showonepage>
					<orientation>vertical</orientation>
					<visible>Container(9000).Hasfocus(1)</visible>
				</control>
				<control type="grouplist" id="9002">
					<visible>Container(9000).Hasfocus(2)</visible>
					<left>435</left>
					<top>90</top>
					<width>1125</width>
					<height>795</height>
					<itemgap>-2</itemgap>
					<pagecontrol>62</pagecontrol>
					<onleft>9000</onleft>
					<onright>62</onright>
					<onup>9002</onup>
					<ondown>9002</ondown>
					<!-- Home screen options -->
					<control type="label" id="200">
						<width>1125</width>
						<height>68</height>
						<font>font13_title</font>
						<label>31101</label>
						<textcolor>blue</textcolor>
						<shadowcolor>black</shadowcolor>
						<align>left</align>
						<aligny>center</aligny>
					</control>
					<control type="button" id="207">
						<description>Set Home Default Item Button</description>
						<width>1125</width>
						<height>60</height>
						<font>font13</font>
						<textcolor>grey2</textcolor>
						<focusedcolor>white</focusedcolor>
						<label>$LOCALIZE[31018]</label>
						<label2>$INFO[Skin.String(DefaultHomeFocusItem)]</label2>
						<onclick>SetProperty(SetDefaultHomeItem,1,home)</onclick>
						<onclick>ActivateWindow(home)</onclick>
						<texturefocus>MenuItemFOnew.png</texturefocus>
						<texturenofocus>MenuItemNF.png</texturenofocus>
					</control>
					<control type="radiobutton" id="214">
						<width>1125</width>
						<height>60</height>
						<font>font13</font>
						<textcolor>grey2</textcolor>
						<focusedcolor>white</focusedcolor>
						<label>主选单子菜单自动弹出</label>
						<onclick>Skin.ToggleSetting(submenuautopop)</onclick>
						<selected>Skin.HasSetting(submenuautopop)</selected>
						<texturefocus>MenuItemFOnew.png</texturefocus>
						<texturenofocus>MenuItemNF.png</texturenofocus>
					</control>
					<!--control type="radiobutton" id="202">
						<width>1125</width>
						<height>60</height>
						<font>font13</font>
						<textcolor>grey2</textcolor>
						<focusedcolor>white</focusedcolor>
						<label>主菜单使用滑动图标模式</label>
						<onclick>Skin.ToggleSetting(homepagenewmenu)</onclick>
						<selected>Skin.HasSetting(homepagenewmenu)</selected>
						<texturefocus>MenuItemFOnew.png</texturefocus>
						<texturenofocus>MenuItemNF.png</texturenofocus>
					</control>
					<control type="radiobutton" id="203">
						<description>enable music info</description>
						<width>1125</width>
						<height>60</height>
						<font>font13</font>
						<textcolor>grey2</textcolor>
						<focusedcolor>white</focusedcolor>
						<label>20083</label>
						<onclick>Skin.ToggleSetting(homepageMusicinfo)</onclick>
						<selected>!Skin.HasSetting(homepageMusicinfo)</selected>
						<texturefocus>MenuItemFOnew.png</texturefocus>
						<texturenofocus>MenuItemNF.png</texturenofocus>
					</control-->
					<control type="radiobutton" id="204">
						<description>enable weather info</description>
						<width>1125</width>
						<height>60</height>
						<font>font13</font>
						<textcolor>grey2</textcolor>
						<focusedcolor>white</focusedcolor>
						<label>20084</label>
						<onclick>Skin.ToggleSetting(homepageWeatherinfo)</onclick>
						<selected>Skin.HasSetting(homepageWeatherinfo)</selected>
						<texturefocus>MenuItemFOnew.png</texturefocus>
						<texturenofocus>MenuItemNF.png</texturenofocus>
						<visible>!String.IsEmpty(Weather.Plugin)</visible>
					</control>
					<control type="radiobutton" id="205">
						<description>Show Recently added Video info</description>
						<width>1125</width>
						<height>60</height>
						<font>font13</font>
						<textcolor>grey2</textcolor>
						<focusedcolor>white</focusedcolor>
						<label>主页面显示进行中电影和剧集</label>
						<onclick>Skin.ToggleSetting(HomepageHideRecentlyAddedVideo)</onclick>
						<selected>!Skin.HasSetting(HomepageHideRecentlyAddedVideo)</selected>
						<texturefocus>MenuItemFOnew.png</texturefocus>
						<texturenofocus>MenuItemNF.png</texturenofocus>
					</control>
					<control type="radiobutton" id="2052">
						<description>Show Recently added Video info</description>
						<width>1125</width>
						<height>60</height>
						<font>font13</font>
						<textcolor>grey2</textcolor>
						<focusedcolor>white</focusedcolor>
						<label>进行中剧集采用海报展示(默认为单集展示)</label>
						<onclick>Skin.ToggleSetting(TVShowsuseposter)</onclick>
						<selected>Skin.HasSetting(TVShowsuseposter)</selected>
						<texturefocus>MenuItemFOnew.png</texturefocus>
						<texturenofocus>MenuItemNF.png</texturenofocus>
						<enable>!Skin.HasSetting(HomepageHideRecentlyAddedVideo)</enable>
					</control>
					<control type="radiobutton" id="2051">
						<description>Show Recently added Video info</description>
						<width>1125</width>
						<height>60</height>
						<font>font13</font>
						<textcolor>grey2</textcolor>
						<focusedcolor>white</focusedcolor>
						<label>主页面显示新加入的电影和剧集</label>
						<onclick>Skin.ToggleSetting(HideRecentlyAddedVideo)</onclick>
						<selected>!Skin.HasSetting(HideRecentlyAddedVideo)</selected>
						<texturefocus>MenuItemFOnew.png</texturefocus>
						<texturenofocus>MenuItemNF.png</texturenofocus>
					</control>
					<control type="radiobutton" id="2061">
						<description>Show Recently added info</description>
						<width>1125</width>
						<height>60</height>
						<font>font13</font>
						<textcolor>grey2</textcolor>
						<focusedcolor>white</focusedcolor>
						<label>主页面音乐页展示音乐视频内容</label>
						<onclick>Skin.ToggleSetting(Homepageaddmusicvideo)</onclick>
						<selected>Skin.HasSetting(Homepageaddmusicvideo)</selected>
						<texturefocus>MenuItemFOnew.png</texturefocus>
						<texturenofocus>MenuItemNF.png</texturenofocus>
					</control>		
					<control type="radiobutton" id="206">
						<description>Show Recently added info</description>
						<width>1125</width>
						<height>60</height>
						<font>font13</font>
						<textcolor>grey2</textcolor>
						<focusedcolor>white</focusedcolor>
						<label>主页面音乐页面显示新加入专辑</label>
						<onclick>Skin.ToggleSetting(HomepageHideRecentlyAddedAlbums)</onclick>
						<selected>!Skin.HasSetting(HomepageHideRecentlyAddedAlbums)</selected>
						<texturefocus>MenuItemFOnew.png</texturefocus>
						<texturenofocus>MenuItemNF.png</texturenofocus>
						<enable>!Skin.HasSetting(Homepageaddmusicvideo)</enable>
					</control>		
					<control type="radiobutton" id="208">
						<description>使用简洁图标</description>
						<width>1125</width>
						<height>60</height>
						<font>font13</font>
						<textcolor>grey2</textcolor>
						<focusedcolor>white</focusedcolor>
						<label>主菜单使用简洁图标</label>
						<onclick>Skin.ToggleSetting(UseOldIcon)</onclick>
						<selected>Skin.HasSetting(UseOldIcon)</selected>
						<texturefocus>MenuItemFOnew.png</texturefocus>
						<texturenofocus>MenuItemNF.png</texturenofocus>
					</control>
					<control type="radiobutton" id="213">
						<width>1125</width>
						<height>60</height>
						<font>font13</font>
						<textcolor>grey2</textcolor>
						<focusedcolor>white</focusedcolor>
						<label>主菜单资料库页面显示影视分库</label>
						<onclick>Skin.ToggleSetting(Hidesublibrary)</onclick>
						<selected>!Skin.HasSetting(Hidesublibrary)</selected>
						<texturefocus>MenuItemFOnew.png</texturefocus>
						<texturenofocus>MenuItemNF.png</texturenofocus>
					</control>
					<control type="button" id="2131">
						<width>1125</width>
						<height>60</height>
						<font>font13</font>
						<textcolor>grey2</textcolor>
						<focusedcolor>white</focusedcolor>
						<label>影视分库展示方式</label>
						<onclick>Skin.SelectBool(31400, 31401|bigthumb, 31402|smallthumb, 31403|TextTitle)</onclick>
						<label2>$VAR[setsublibrary]</label2>
						<texturefocus>MenuItemFOnew.png</texturefocus>
						<texturenofocus>MenuItemNF.png</texturenofocus>
						<visible>!Skin.HasSetting(Hidesublibrary)</visible>
					</control>
					<control type="radiobutton" id="2132">
						<width>1125</width>
						<height>60</height>
						<font>font13</font>
						<textcolor>grey2</textcolor>
						<focusedcolor>white</focusedcolor>
						<label>选择影视分库后,菜单自动降到最底</label>
						<onclick>Skin.ToggleSetting(sublibrarybottom)</onclick>
						<selected>!Skin.HasSetting(sublibrarybottom)</selected>
						<texturefocus>MenuItemFOnew.png</texturefocus>
						<texturenofocus>MenuItemNF.png</texturenofocus>
						<visible>!Skin.HasSetting(Hidesublibrary) + [Skin.HasSetting(smallthumb) | Skin.HasSetting(TextTitle)]</visible>
					</control>
				<control type="radiobutton" id="209">
					   <width>1125</width>
						<height>60</height>
						<font>font13</font>
						<textcolor>grey2</textcolor>
						<focusedcolor>white</focusedcolor>
					<description>分库海报墙设为横向</description>
					<label>主页面分库海报墙设为横向16:9</label>
					<selected>Skin.HasSetting(postHorizontal)</selected>
					<onclick>Skin.ToggleSetting(postHorizontal)</onclick>
					<onclick>ReloadSkin()</onclick>
					<texturefocus>MenuItemFOnew.png</texturefocus>
						<texturenofocus>MenuItemNF.png</texturenofocus>
						<visible>!Skin.HasSetting(Hidesublibrary) + Skin.HasSetting(bigthumb)</visible>
				</control>
				    <control type="radiobutton" id="311">
						<width>1125</width>
						<height>60</height>
						<font>font13</font>
						<label>主页面网盘使用自定义路径</label>
						<textcolor>grey2</textcolor>
						<focusedcolor>white</focusedcolor>
						<texturefocus>MenuItemFOnew.png</texturefocus>
						<texturenofocus>MenuItemNF.png</texturenofocus>
						<onclick>Skin.ToggleSetting(cd2UseCustompath)</onclick>
						<selected>Skin.HasSetting(cd2UseCustompath)</selected>
					</control>
					<control type="button" id="312">
						<width>1125</width>
						<height>60</height>
						<font>font13</font>
						<label>-  网盘挂载路径</label>
						<label2>[COLOR=selected]$INFO[Skin.String(cd2Custompath)][/COLOR]</label2>
						<textcolor>grey2</textcolor>
						<focusedcolor>white</focusedcolor>
						<texturefocus>MenuItemFOnew.png</texturefocus>
						<texturenofocus>MenuItemNF.png</texturenofocus>
						<onclick>Skin.SetPath(cd2Custompath)</onclick>
						<visible>Skin.HasSetting(cd2UseCustompath)</visible>
					</control>
				    <control type="radiobutton" id="3111">
						<width>1125</width>
						<height>60</height>
						<font>font13</font>
						<label>主页面本地网络使用自定义路径</label>
						<textcolor>grey2</textcolor>
						<focusedcolor>white</focusedcolor>
						<texturefocus>MenuItemFOnew.png</texturefocus>
						<texturenofocus>MenuItemNF.png</texturenofocus>
						<onclick>Skin.ToggleSetting(lanUseCustompath)</onclick>
						<selected>Skin.HasSetting(lanUseCustompath)</selected>
					</control>
					<control type="button" id="313">
						<width>1125</width>
						<height>60</height>
						<font>font13</font>
						<label>-  本地网络路径</label>
						<label2>[COLOR=selected]$INFO[Skin.String(lanCustompath)][/COLOR]</label2>
						<textcolor>grey2</textcolor>
						<focusedcolor>white</focusedcolor>
						<texturefocus>MenuItemFOnew.png</texturefocus>
						<texturenofocus>MenuItemNF.png</texturenofocus>
						<onclick>Skin.SetPath(lanCustompath)</onclick>
						<visible>Skin.HasSetting(lanUseCustompath)</visible>
					</control>
				    <control type="radiobutton" id="3112">
						<width>1125</width>
						<height>60</height>
						<font>font13</font>
						<label>主页面资料库使用自定义路径</label>
						<textcolor>grey2</textcolor>
						<focusedcolor>white</focusedcolor>
						<texturefocus>MenuItemFOnew.png</texturefocus>
						<texturenofocus>MenuItemNF.png</texturenofocus>
						<onclick>Skin.ToggleSetting(libraryUseCustompath)</onclick>
						<selected>Skin.HasSetting(libraryUseCustompath)</selected>
					</control>
					<control type="button" id="31411">
						<width>1125</width>
						<height>60</height>
						<font>font13</font>
						<label>-  资料库路径</label>
						<label2>[COLOR=selected]$INFO[Skin.String(libraryCustompath)][/COLOR]</label2>
						<textcolor>grey2</textcolor>
						<focusedcolor>white</focusedcolor>
						<texturefocus>MenuItemFOnew.png</texturefocus>
						<texturenofocus>MenuItemNF.png</texturenofocus>
						<onclick>Skin.SetPath(libraryCustompath)</onclick>
						<visible>Skin.HasSetting(libraryUseCustompath)</visible>
					</control>
				</control>
				<control type="scrollbar" id="62">
					<left>1590</left>
					<top>90</top>
					<width>38</width>
					<height>795</height>
					<texturesliderbackground border="0,28,0,28">ScrollBarV.png</texturesliderbackground>
					<texturesliderbar border="0,28,0,28">ScrollBarV_bar.png</texturesliderbar>
					<texturesliderbarfocus border="0,28,0,28">ScrollBarV_bar_focus.png</texturesliderbarfocus>
					<textureslidernib>ScrollBarNib.png</textureslidernib>
					<textureslidernibfocus>ScrollBarNib.png</textureslidernibfocus>
					<onleft>9002</onleft>
					<onright>9000</onright>
					<showonepage>false</showonepage>
					<orientation>vertical</orientation>
					<visible>Container(9000).Hasfocus(2)</visible>
				</control>
				<control type="grouplist" id="9003">
					<visible>Container(9000).Hasfocus(3)</visible>
					<left>435</left>
					<top>90</top>
					<width>1125</width>
					<height>795</height>
					<itemgap>-2</itemgap>
					<pagecontrol>63</pagecontrol>
					<onleft>9000</onleft>
					<onright>63</onright>
					<onup>9003</onup>
					<ondown>9003</ondown>
					<control type="label" id="300">
						<width>1125</width>
						<height>68</height>
						<font>font13_title</font>
						<label>31106</label>
						<textcolor>blue</textcolor>
						<shadowcolor>black</shadowcolor>
						<align>left</align>
						<aligny>center</aligny>
					</control>
					<control type="radiobutton" id="314">
						<description>降低三行八列背景亮度</description>
						<width>1125</width>
						<height>60</height>
						<font>font13</font>
						<textcolor>grey2</textcolor>
						<focusedcolor>white</focusedcolor>
						<label>降低三行八列海报墙背景亮度</label>
						<onclick>Skin.ToggleSetting(dimbackground)</onclick>
						<selected>Skin.HasSetting(dimbackground)</selected>
						<texturefocus>MenuItemFOnew.png</texturefocus>
						<texturenofocus>MenuItemNF.png</texturenofocus>
					</control>
					<control type="radiobutton" id="3141">
						<width>1125</width>
						<height>60</height>
						<font>font13</font>
						<textcolor>grey2</textcolor>
						<focusedcolor>white</focusedcolor>
						<label>地平线海报墙底部暗色</label>
						<onclick>Skin.ToggleSetting(dimfloor)</onclick>
						<selected>!Skin.HasSetting(dimfloor)</selected>
						<texturefocus>MenuItemFOnew.png</texturefocus>
						<texturenofocus>MenuItemNF.png</texturenofocus>
					</control>
					<control type="radiobutton" id="315">
						<width>1125</width>
						<height>60</height>
						<font>font13</font>
						<label>关闭动态背景</label>
						<textcolor>grey2</textcolor>
						<focusedcolor>white</focusedcolor>
						<texturefocus>MenuItemFOnew.png</texturefocus>
						<texturenofocus>MenuItemNF.png</texturenofocus>
						<onclick>Skin.ToggleSetting(dynamicbackgroundoff)</onclick>
						<selected>Skin.HasSetting(dynamicbackgroundoff)</selected>
					</control>
					<control type="radiobutton" id="3151">
						<width>1125</width>
						<height>60</height>
						<font>font13</font>
						<label>关闭详情页动态同人画</label>
						<textcolor>grey2</textcolor>
						<focusedcolor>white</focusedcolor>
						<texturefocus>MenuItemFOnew.png</texturefocus>
						<texturenofocus>MenuItemNF.png</texturenofocus>
						<onclick>Skin.ToggleSetting(dynamicdetailoff)</onclick>
						<selected>Skin.HasSetting(dynamicdetailoff)</selected>
					</control>
					<control type="radiobutton" id="3152">
						<width>1125</width>
						<height>60</height>
						<font>font13</font>
						<label>关闭详情页背景遮罩(保留同人画流光溢彩)</label>
						<textcolor>grey2</textcolor>
						<focusedcolor>white</focusedcolor>
						<texturefocus>MenuItemFOnew.png</texturefocus>
						<texturenofocus>MenuItemNF.png</texturenofocus>
						<onclick>Skin.ToggleSetting(detailbgcoveroff)</onclick>
						<selected>Skin.HasSetting(detailbgcoveroff)</selected>
					</control>
					<control type="radiobutton" id="3153">
						<width>1125</width>
						<height>60</height>
						<font>font13</font>
						<label>详情页制片方LOGO位于海报右下角</label>
						<textcolor>grey2</textcolor>
						<focusedcolor>white</focusedcolor>
						<texturefocus>MenuItemFOnew.png</texturefocus>
						<texturenofocus>MenuItemNF.png</texturenofocus>
						<onclick>Skin.ToggleSetting(studiologoposition)</onclick>
						<selected>!Skin.HasSetting(studiologoposition)</selected>
					</control>
					<control type="radiobutton" id="301">
						<width>1125</width>
						<height>60</height>
						<font>font13</font>
						<label>31119</label>
						<textcolor>grey2</textcolor>
						<focusedcolor>white</focusedcolor>
						<texturefocus>MenuItemFOnew.png</texturefocus>
						<texturenofocus>MenuItemNF.png</texturenofocus>
						<onclick>Skin.ToggleSetting(HideBackGroundFanart)</onclick>
						<selected>Skin.HasSetting(HideBackGroundFanart)</selected>
					</control>
					<control type="button" id="316">
				        <width>1125</width>
						<height>60</height>
						<font>font13</font>
						<textcolor>grey2</textcolor>
						<focusedcolor>white</focusedcolor>
						<texturefocus>MenuItemFOnew.png</texturefocus>
						<texturenofocus>MenuItemNF.png</texturenofocus>
					    <label>-动态壁纸启动时间(填入0-30整数,输入0为关闭)</label>
					    <label2>$VAR[fanartstartuptime]秒</label2>
					    <include>DefaultSettingButton</include>
					    <onclick>Skin.SetNumeric(fanartstartuptime)</onclick>
					    <enable>!Skin.HasSetting(HideBackGroundFanart)</enable>
				 </control>
				 <control type="button" id="317">
				        <width>1125</width>
						<height>60</height>
						<font>font13</font>
						<textcolor>grey2</textcolor>
						<focusedcolor>white</focusedcolor>
						<texturefocus>MenuItemFOnew.png</texturefocus>
						<texturenofocus>MenuItemNF.png</texturenofocus>
					    <label>-设定壁纸切换时间(请填入1-20整数)</label>
					    <label2>$VAR[FanartTimePerImage]秒</label2>
					    <include>DefaultSettingButton</include>
					    <onclick>Skin.SetNumeric(FanartTimePerImage)</onclick>
					    <enable>!Skin.HasSetting(HideBackGroundFanart) + !String.IsEqual(Skin.String(fanartstartuptime),0)</enable>
				 </control>
					<control type="radiobutton" id="302">
						<width>1125</width>
						<height>60</height>
						<font>font13</font>
						<label>31129</label>
						<textcolor>grey2</textcolor>
						<focusedcolor>white</focusedcolor>
						<texturefocus>MenuItemFOnew.png</texturefocus>
						<texturenofocus>MenuItemNF.png</texturenofocus>
						<onclick>Skin.ToggleSetting(HideVisualizationFanart)</onclick>
						<selected>Skin.HasSetting(HideVisualizationFanart)</selected>
					</control>
					<control type="radiobutton" id="303">
						<width>1125</width>
						<height>60</height>
						<font>font13</font>
						<label>31124</label>
						<textcolor>grey2</textcolor>
						<focusedcolor>white</focusedcolor>
						<texturefocus>MenuItemFOnew.png</texturefocus>
						<texturenofocus>MenuItemNF.png</texturenofocus>
						<onclick>Skin.ToggleSetting(ShowBackgroundVideo)</onclick>
						<selected>!Skin.HasSetting(ShowBackgroundVideo)</selected>
					</control>
					<control type="radiobutton" id="304">
						<width>1125</width>
						<height>60</height>
						<font>font13</font>
						<label>31125</label>
						<textcolor>grey2</textcolor>
						<focusedcolor>white</focusedcolor>
						<texturefocus>MenuItemFOnew.png</texturefocus>
						<texturenofocus>MenuItemNF.png</texturenofocus>
						<onclick>Skin.ToggleSetting(ShowBackgroundVis)</onclick>
						<selected>!Skin.HasSetting(ShowBackgroundVis)</selected>
					</control>
					<control type="radiobutton" id="305">
						<width>1125</width>
						<height>60</height>
						<font>font13</font>
						<label>31126</label>
						<textcolor>grey2</textcolor>
						<focusedcolor>white</focusedcolor>
						<texturefocus>MenuItemFOnew.png</texturefocus>
						<texturenofocus>MenuItemNF.png</texturenofocus>
						<onclick>Skin.ToggleSetting(ShowPosterInsteadThumb)</onclick>
						<selected>Skin.HasSetting(ShowPosterInsteadThumb)</selected>
					</control>					
					<control type="radiobutton" id="3006">
						<width>1125</width>
						<height>60</height>
						<font>font13</font>
						<label>31966</label>
						<textcolor>grey2</textcolor>
						<focusedcolor>white</focusedcolor>
						<texturefocus>MenuItemFOnew.png</texturefocus>
						<texturenofocus>MenuItemNF.png</texturenofocus>
						<onclick>Skin.ToggleSetting(ShowLogosFullscreen)</onclick>
						<selected>!Skin.HasSetting(ShowLogosFullscreen)</selected>
					</control>
					<control type="radiobutton" id="3005">
						<width>1125</width>
						<height>60</height>
						<font>font13</font>
						<label>31965</label>
						<textcolor>grey2</textcolor>
						<focusedcolor>white</focusedcolor>
						<texturefocus>MenuItemFOnew.png</texturefocus>
						<texturenofocus>MenuItemNF.png</texturenofocus>
						<onclick>Skin.ToggleSetting(ShowBigLogosOSD)</onclick>
						<selected>!Skin.HasSetting(ShowBigLogosOSD)</selected>
					</control>
				</control>
				<control type="scrollbar" id="63">
					<left>1590</left>
					<top>90</top>
					<width>38</width>
					<height>795</height>
					<texturesliderbackground border="0,28,0,28">ScrollBarV.png</texturesliderbackground>
					<texturesliderbar border="0,28,0,28">ScrollBarV_bar.png</texturesliderbar>
					<texturesliderbarfocus border="0,28,0,28">ScrollBarV_bar_focus.png</texturesliderbarfocus>
					<textureslidernib>ScrollBarNib.png</textureslidernib>
					<textureslidernibfocus>ScrollBarNib.png</textureslidernibfocus>
					<onleft>9003</onleft>
					<onright>9000</onright>
					<showonepage>false</showonepage>
					<orientation>vertical</orientation>
					<visible>Container(9000).Hasfocus(3)</visible>
				</control>
					<control type="grouplist" id="9004">
						<visible>Container(9000).Hasfocus(4)</visible>
						<left>435</left>
						<top>90</top>
						<width>1125</width>
						<height>795</height>
						<itemgap>-2</itemgap>
						<pagecontrol>64</pagecontrol>
						<onleft>9000</onleft>
						<onright>64</onright>
						<onup>9004</onup>
						<ondown>9004</ondown>
					<!-- Main menu buttons -->
					<control type="label" id="220">
						<width>1125</width>
						<height>68</height>
						<font>font13_title</font>
						<label>31108</label>
						<textcolor>blue</textcolor>
						<shadowcolor>black</shadowcolor>
						<align>left</align>
						<aligny>center</aligny>
					</control>
					<!--control type="radiobutton" id="2200">
						<width>1125</width>
						<height>60</height>
						<font>font13</font>
						<label>主页面静态图片做背景</label>
						<textcolor>grey2</textcolor>
						<focusedcolor>white</focusedcolor>
						<texturefocus>MenuItemFOnew.png</texturefocus>
						<texturenofocus>MenuItemNF.png</texturenofocus>
						<onclick>Skin.ToggleSetting(staticbg)</onclick>
						<selected>Skin.HasSetting(staticbg)</selected>
					</control-->
					<control type="button" id="2203">
						<width>1125</width>
						<height>60</height>
						<font>font13</font>
						<label>轮换壁纸间隔时间(填入0-30整数,0为关闭)</label>
						<label2>$VAR[autochangebgtime]秒</label2>
						<textcolor>grey2</textcolor>
						<focusedcolor>white</focusedcolor>
						<texturefocus>MenuItemFOnew.png</texturefocus>
						<texturenofocus>MenuItemNF.png</texturenofocus>
						<onclick>Skin.SetNumeric(autochangebg)</onclick>
					</control>
					<control type="button" id="2204">
						<width>1125</width>
						<height>60</height>
						<font>font13</font>
						<label>   -选择同一壁纸文件夹</label>
						<label2>[COLOR=selected]$VAR[allchangebgfolder][/COLOR]</label2>
						<textcolor>grey2</textcolor>
						<focusedcolor>white</focusedcolor>
						<texturefocus>MenuItemFOnew.png</texturefocus>
						<texturenofocus>MenuItemNF.png</texturenofocus>
						<onclick condition="!String.IsEmpty(Skin.String(allchangebgimg))">Skin.SetString(allchangebgimg,"")</onclick>
						<onclick>Skin.SetPath(allchangebgimg)</onclick>
						<visible>!String.IsEqual(Skin.String(autochangebg),0)</visible>
					</control>
					<control type="radiobutton" id="2201">
						<width>1125</width>
						<height>60</height>
						<font>font13</font>
						<label>自定义默认背景</label>
						<textcolor>grey2</textcolor>
						<focusedcolor>white</focusedcolor>
						<texturefocus>MenuItemFOnew.png</texturefocus>
						<texturenofocus>MenuItemNF.png</texturenofocus>
						<onclick>Skin.ToggleSetting(allowcustombg)</onclick>
						<selected>Skin.HasSetting(allowcustombg)</selected>
					</control>
					<control type="button" id="2202">
						<width>1125</width>
						<height>60</height>
						<font>font13</font>
						<label>   -选择默认背景</label>
						<label2>[COLOR=selected]$INFO[Skin.String(Defaultbgimg)][/COLOR]</label2>
						<textcolor>grey2</textcolor>
						<focusedcolor>white</focusedcolor>
						<texturefocus>MenuItemFOnew.png</texturefocus>
						<texturenofocus>MenuItemNF.png</texturenofocus>
						<onclick>Skin.SetImage(Defaultbgimg)</onclick>
						<visible>Skin.HasSetting(allowcustombg)</visible>
					</control>
					<control type="radiobutton" id="2292">
						<description>Hide TV Button</description>
						<width>1125</width>
						<height>60</height>
						<font>font13</font>
						<textcolor>grey2</textcolor>
						<focusedcolor>white</focusedcolor>
						<label>$LOCALIZE[31111] - 直播</label>
						<onclick>Skin.ToggleSetting(HomeMenuNoTVButton)</onclick>
						<onclick>Skin.Reset(DefaultHomeFocus)</onclick>
						<onclick>Skin.Reset(DefaultHomeFocusItem)</onclick>
						<selected>Skin.HasSetting(HomeMenuNoTVButton)</selected>
						<texturefocus>MenuItemFOnew.png</texturefocus>
						<texturenofocus>MenuItemNF.png</texturenofocus>
					</control>
					<control type="button" id="22921">
						<description>Hide TV Button</description>
						<width>1125</width>
						<height>60</height>
						<font>font13</font>
						<textcolor>grey2</textcolor>
						<focusedcolor>white</focusedcolor>
						<label>   -自定义直播图标和壁纸</label>
						<onclick>Skin.SelectBool(31399, 31390|tvdefault, 31396|tvonlyicon, 31397|tvonlybg, 31398|tviconandbg)</onclick>
						<label2>$VAR[tviconbgselect]</label2>
						<texturefocus>MenuItemFOnew.png</texturefocus>
						<texturenofocus>MenuItemNF.png</texturenofocus>
						<visible>!Skin.HasSetting(HomeMenuNoTVButton)</visible>
					</control>
					<control type="button" id="22922">
						<width>1125</width>
						<height>60</height>
						<font>font13</font>
						<label>   -选择直播图标</label>
						<label2>[COLOR=selected]$INFO[Skin.String(tvCustomiconimg)][/COLOR]</label2>
						<textcolor>grey2</textcolor>
						<focusedcolor>white</focusedcolor>
						<texturefocus>MenuItemFOnew.png</texturefocus>
						<texturenofocus>MenuItemNF.png</texturenofocus>
						<onclick>Skin.SetImage(tvCustomiconimg)</onclick>
						<visible>Skin.HasSetting(tvonlyicon) | Skin.HasSetting(tviconandbg)</visible>
						<visible>!Skin.HasSetting(HomeMenuNoTVButton)</visible>
					</control>
					<control type="button" id="22923">
						<width>1125</width>
						<height>60</height>
						<font>font13</font>
						<label>   -选择直播页壁纸</label>
						<label2>[COLOR=selected]$INFO[Skin.String(tvCustombgimg)][/COLOR]</label2>
						<textcolor>grey2</textcolor>
						<focusedcolor>white</focusedcolor>
						<texturefocus>MenuItemFOnew.png</texturefocus>
						<texturenofocus>MenuItemNF.png</texturenofocus>
						<onclick>Skin.SetImage(tvCustombgimg)</onclick>
						<visible>Skin.HasSetting(tvonlybg) | Skin.HasSetting(tviconandbg)</visible>
						<visible>!Skin.HasSetting(HomeMenuNoTVButton)</visible>
					</control>
					<control type="button" id="22924">
						<width>1125</width>
						<height>60</height>
						<font>font13</font>
						<label>   -直播页壁纸文件夹</label>
						<label2>[COLOR=selected]$VAR[tvpagecustomfolder][/COLOR]</label2>
						<textcolor>grey2</textcolor>
						<focusedcolor>white</focusedcolor>
						<texturefocus>MenuItemFOnew.png</texturefocus>
						<texturenofocus>MenuItemNF.png</texturenofocus>
						<onclick>Skin.SetString(tvCustombgfolder,"")</onclick>
						<onclick>Skin.SetPath(tvCustombgfolder)</onclick>
						<visible>Skin.HasSetting(tvonlybg) | Skin.HasSetting(tviconandbg)</visible>
						<visible>!Skin.HasSetting(HomeMenuNoTVButton) + !String.IsEqual(Skin.String(autochangebg),0)</visible>
					</control>
					<control type="radiobutton" id="212">
						<description>Show Search button</description>
						<width>1125</width>
						<height>60</height>
						<font>font13</font>
						<textcolor>grey2</textcolor>
						<focusedcolor>white</focusedcolor>
						<label>31148</label>
						<onclick>Skin.ToggleSetting(HomepageHideSearch)</onclick>
						<selected>Skin.HasSetting(HomepageHideSearch)</selected>
						<texturefocus>MenuItemFOnew.png</texturefocus>
						<texturenofocus>MenuItemNF.png</texturenofocus>
					</control>
					<control type="button" id="2121">
						<description>Hide TV Button</description>
						<width>1125</width>
						<height>60</height>
						<font>font13</font>
						<textcolor>grey2</textcolor>
						<focusedcolor>white</focusedcolor>
						<label>   -自定义搜索图标和壁纸</label>
						<onclick>Skin.SelectBool(31399, 31390|searchdefault, 31396|searchonlyicon, 31397|searchonlybg, 31398|searchiconandbg)</onclick>
						<label2>$VAR[searchiconbgselect]</label2>
						<texturefocus>MenuItemFOnew.png</texturefocus>
						<texturenofocus>MenuItemNF.png</texturenofocus>
						<visible>!Skin.HasSetting(HomepageHideSearch)</visible>
					</control>
					<control type="button" id="2122">
						<width>1125</width>
						<height>60</height>
						<font>font13</font>
						<label>   -选择搜索图标</label>
						<label2>[COLOR=selected]$INFO[Skin.String(searchCustomiconimg)][/COLOR]</label2>
						<textcolor>grey2</textcolor>
						<focusedcolor>white</focusedcolor>
						<texturefocus>MenuItemFOnew.png</texturefocus>
						<texturenofocus>MenuItemNF.png</texturenofocus>
						<onclick>Skin.SetImage(searchCustomiconimg)</onclick>
						<visible>Skin.HasSetting(searchonlyicon) | Skin.HasSetting(searchiconandbg)</visible>
						<visible>!Skin.HasSetting(HomepageHideSearch)</visible>
					</control>
					<control type="button" id="2123">
						<width>1125</width>
						<height>60</height>
						<font>font13</font>
						<label>   -选择搜索页壁纸</label>
						<label2>[COLOR=selected]$INFO[Skin.String(searchCustombgimg)][/COLOR]</label2>
						<textcolor>grey2</textcolor>
						<focusedcolor>white</focusedcolor>
						<texturefocus>MenuItemFOnew.png</texturefocus>
						<texturenofocus>MenuItemNF.png</texturenofocus>
						<onclick>Skin.SetImage(searchCustombgimg)</onclick>
						<visible>Skin.HasSetting(searchonlybg) | Skin.HasSetting(searchiconandbg)</visible>
						<visible>!Skin.HasSetting(HomepageHideSearch)</visible>
					</control>
					<control type="button" id="2124">
						<width>1125</width>
						<height>60</height>
						<font>font13</font>
						<label>   -搜索页壁纸文件夹</label>
						<label2>[COLOR=selected]$VAR[searchpagecustomfolder][/COLOR]</label2>
						<textcolor>grey2</textcolor>
						<focusedcolor>white</focusedcolor>
						<texturefocus>MenuItemFOnew.png</texturefocus>
						<texturenofocus>MenuItemNF.png</texturenofocus>
						<onclick>Skin.SetString(searchCustombgfolder,"")</onclick>
						<onclick>Skin.SetPath(searchCustombgfolder)</onclick>
						<visible>Skin.HasSetting(searchonlybg) | Skin.HasSetting(searchiconandbg)</visible>
						<visible>!Skin.HasSetting(HomepageHideSearch) + !String.IsEqual(Skin.String(autochangebg),0)</visible>
					</control>
					<control type="radiobutton" id="2211">
						<description>Hide Videos Button</description>
						<width>1125</width>
						<height>60</height>
						<font>font13</font>
						<textcolor>grey2</textcolor>
						<focusedcolor>white</focusedcolor>
						<label>$LOCALIZE[31111] - 网盘</label>
						<onclick>Skin.ToggleSetting(HomeMenuNoclouddrive)</onclick>
						<onclick>Skin.Reset(DefaultHomeFocus)</onclick>
						<onclick>Skin.Reset(DefaultHomeFocusItem)</onclick>
						<selected>Skin.HasSetting(HomeMenuNoclouddrive)</selected>
						<texturefocus>MenuItemFOnew.png</texturefocus>
						<texturenofocus>MenuItemNF.png</texturenofocus>
					</control>
					<control type="button" id="21112">
						<description>Hide TV Button</description>
						<width>1125</width>
						<height>60</height>
						<font>font13</font>
						<textcolor>grey2</textcolor>
						<focusedcolor>white</focusedcolor>
						<label>   -自定义网盘图标和壁纸</label>
						<onclick>Skin.SelectBool(31399, 31390|clouddriveiconbgdefault, 31396|clouddriveonlyicon, 31397|clouddriveonlybg, 31398|clouddriveiconandbg)</onclick>
						<label2>$VAR[clouddriveiconbgselect]</label2>
						<texturefocus>MenuItemFOnew.png</texturefocus>
						<texturenofocus>MenuItemNF.png</texturenofocus>
						<visible>!Skin.HasSetting(HomeMenuNoclouddrive)</visible>
					</control>
					<control type="button" id="21113">
						<width>1125</width>
						<height>60</height>
						<font>font13</font>
						<label>   -选择网盘图标</label>
						<label2>[COLOR=selected]$INFO[Skin.String(clouddriveCustomiconimg)][/COLOR]</label2>
						<textcolor>grey2</textcolor>
						<focusedcolor>white</focusedcolor>
						<texturefocus>MenuItemFOnew.png</texturefocus>
						<texturenofocus>MenuItemNF.png</texturenofocus>
						<onclick>Skin.SetImage(clouddriveCustomiconimg)</onclick>
						<visible>Skin.HasSetting(clouddriveonlyicon) | Skin.HasSetting(clouddriveiconandbg)</visible>
						<visible>!Skin.HasSetting(HomeMenuNoclouddrive)</visible>
					</control>
					<control type="button" id="21114">
						<width>1125</width>
						<height>60</height>
						<font>font13</font>
						<label>   -选择网盘页壁纸</label>
						<label2>[COLOR=selected]$INFO[Skin.String(clouddriveCustombgimg)][/COLOR]</label2>
						<textcolor>grey2</textcolor>
						<focusedcolor>white</focusedcolor>
						<texturefocus>MenuItemFOnew.png</texturefocus>
						<texturenofocus>MenuItemNF.png</texturenofocus>
						<onclick>Skin.SetImage(clouddriveCustombgimg)</onclick>
						<visible>Skin.HasSetting(clouddriveonlybg) | Skin.HasSetting(clouddriveiconandbg)</visible>
						<visible>!Skin.HasSetting(HomeMenuNoclouddrive)</visible>
					</control>
					<control type="button" id="21115">
						<width>1125</width>
						<height>60</height>
						<font>font13</font>
						<label>   -网盘页壁纸文件夹</label>
						<label2>[COLOR=selected]$VAR[clouddrivepagecustomfolder][/COLOR]</label2>
						<textcolor>grey2</textcolor>
						<focusedcolor>white</focusedcolor>
						<texturefocus>MenuItemFOnew.png</texturefocus>
						<texturenofocus>MenuItemNF.png</texturenofocus>
						<onclick>Skin.SetString(clouddriveCustombgfolder,"")</onclick>
						<onclick>Skin.SetPath(clouddriveCustombgfolder)</onclick>
						<visible>Skin.HasSetting(clouddriveonlybg) | Skin.HasSetting(clouddriveiconandbg)</visible>
						<visible>!Skin.HasSetting(HomeMenuNoclouddrive) + !String.IsEqual(Skin.String(autochangebg),0)</visible>
					</control>
					<control type="radiobutton" id="2212">
						<description>Hide Videos Button</description>
						<width>1125</width>
						<height>60</height>
						<font>font13</font>
						<textcolor>grey2</textcolor>
						<focusedcolor>white</focusedcolor>
						<label>$LOCALIZE[31111] - 本地网络</label>
						<onclick>Skin.ToggleSetting(HomeMenuNolandrive)</onclick>
						<onclick>Skin.Reset(DefaultHomeFocus)</onclick>
						<onclick>Skin.Reset(DefaultHomeFocusItem)</onclick>
						<selected>Skin.HasSetting(HomeMenuNolandrive)</selected>
						<texturefocus>MenuItemFOnew.png</texturefocus>
						<texturenofocus>MenuItemNF.png</texturenofocus>
					</control>
					<control type="button" id="22121">
						<description>Hide TV Button</description>
						<width>1125</width>
						<height>60</height>
						<font>font13</font>
						<textcolor>grey2</textcolor>
						<focusedcolor>white</focusedcolor>
						<label>   -自定义本地网络图标和壁纸</label>
						<onclick>Skin.SelectBool(31399, 31390|laniconbgdefault, 31396|lanonlyicon, 31397|lanonlybg, 31398|laniconandbg)</onclick>
						<label2>$VAR[laniconbgselect]</label2>
						<texturefocus>MenuItemFOnew.png</texturefocus>
						<texturenofocus>MenuItemNF.png</texturenofocus>
						<visible>!Skin.HasSetting(HomeMenuNolandrive)</visible>
					</control>
					<control type="button" id="22123">
						<width>1125</width>
						<height>60</height>
						<font>font13</font>
						<label>   -选择本地网络图标</label>
						<label2>[COLOR=selected]$INFO[Skin.String(lanCustomiconimg)][/COLOR]</label2>
						<textcolor>grey2</textcolor>
						<focusedcolor>white</focusedcolor>
						<texturefocus>MenuItemFOnew.png</texturefocus>
						<texturenofocus>MenuItemNF.png</texturenofocus>
						<onclick>Skin.SetImage(lanCustomiconimg)</onclick>
						<visible>Skin.HasSetting(lanonlyicon) | Skin.HasSetting(laniconandbg)</visible>
						<visible>!Skin.HasSetting(HomeMenuNolandrive)</visible>
					</control>
					<control type="button" id="22122">
						<width>1125</width>
						<height>60</height>
						<font>font13</font>
						<label>   -选择本地网络页壁纸</label>
						<label2>[COLOR=selected]$INFO[Skin.String(lanCustombgimg)][/COLOR]</label2>
						<textcolor>grey2</textcolor>
						<focusedcolor>white</focusedcolor>
						<texturefocus>MenuItemFOnew.png</texturefocus>
						<texturenofocus>MenuItemNF.png</texturenofocus>
						<onclick>Skin.SetImage(lanCustombgimg)</onclick>
						<visible>Skin.HasSetting(lanonlybg) | Skin.HasSetting(laniconandbg)</visible>
						<visible>!Skin.HasSetting(HomeMenuNolandrive)</visible>
					</control>
					<control type="button" id="22124">
						<width>1125</width>
						<height>60</height>
						<font>font13</font>
						<label>   -本地网络页壁纸文件夹</label>
						<label2>[COLOR=selected]$VAR[lanpagecustomfolder][/COLOR]</label2>
						<textcolor>grey2</textcolor>
						<focusedcolor>white</focusedcolor>
						<texturefocus>MenuItemFOnew.png</texturefocus>
						<texturenofocus>MenuItemNF.png</texturenofocus>
						<onclick>Skin.SetString(lanCustombgfolder,"")</onclick>
						<onclick>Skin.SetPath(lanCustombgfolder)</onclick>
						<visible>Skin.HasSetting(lanonlybg) | Skin.HasSetting(laniconandbg)</visible>
						<visible>!Skin.HasSetting(HomeMenuNolandrive) + !String.IsEqual(Skin.String(autochangebg),0)</visible>
					</control>
					<control type="radiobutton" id="2213">
						<width>1125</width>
						<height>60</height>
						<font>font13</font>
						<textcolor>grey2</textcolor>
						<focusedcolor>white</focusedcolor>
						<label>$LOCALIZE[31111] - 本地硬盘</label>
						<onclick>Skin.ToggleSetting(HomeMenuNolocaldrive)</onclick>
						<onclick>Skin.Reset(DefaultHomeFocus)</onclick>
						<onclick>Skin.Reset(DefaultHomeFocusItem)</onclick>
						<selected>!Skin.HasSetting(HomeMenuNolocaldrive)</selected>
						<texturefocus>MenuItemFOnew.png</texturefocus>
						<texturenofocus>MenuItemNF.png</texturenofocus>
					</control>
					<control type="button" id="22131">
						<description>Hide TV Button</description>
						<width>1125</width>
						<height>60</height>
						<font>font13</font>
						<textcolor>grey2</textcolor>
						<focusedcolor>white</focusedcolor>
						<label>   -自定义本地硬盘图标和壁纸</label>
						<onclick>Skin.SelectBool(31399, 31390|localdriveiconbgdefault, 31396|localdriveonlyicon, 31397|localdriveonlybg, 31398|localdriveiconandbg)</onclick>
						<label2>$VAR[localdriveiconbgselect]</label2>
						<texturefocus>MenuItemFOnew.png</texturefocus>
						<texturenofocus>MenuItemNF.png</texturenofocus>
						<visible>Skin.HasSetting(HomeMenuNolocaldrive)</visible>
					</control>
					<control type="button" id="22133">
						<width>1125</width>
						<height>60</height>
						<font>font13</font>
						<label>   -选择本地硬盘图标</label>
						<label2>[COLOR=selected]$INFO[Skin.String(localdriveCustomiconimg)][/COLOR]</label2>
						<textcolor>grey2</textcolor>
						<focusedcolor>white</focusedcolor>
						<texturefocus>MenuItemFOnew.png</texturefocus>
						<texturenofocus>MenuItemNF.png</texturenofocus>
						<onclick>Skin.SetImage(localdriveCustomiconimg)</onclick>
						<visible>Skin.HasSetting(localdriveonlyicon) | Skin.HasSetting(localdriveiconandbg)</visible>
						<visible>Skin.HasSetting(HomeMenuNolocaldrive)</visible>
					</control>
					<control type="button" id="22132">
						<width>1125</width>
						<height>60</height>
						<font>font13</font>
						<label>   -选择本地硬盘页壁纸</label>
						<label2>[COLOR=selected]$INFO[Skin.String(localdriveCustombgimg)][/COLOR]</label2>
						<textcolor>grey2</textcolor>
						<focusedcolor>white</focusedcolor>
						<texturefocus>MenuItemFOnew.png</texturefocus>
						<texturenofocus>MenuItemNF.png</texturenofocus>
						<onclick>Skin.SetImage(localdriveCustombgimg)</onclick>
						<visible>Skin.HasSetting(localdriveonlybg) | Skin.HasSetting(localdriveiconandbg)</visible>
						<visible>Skin.HasSetting(HomeMenuNolocaldrive)</visible>
					</control>
					<control type="button" id="22134">
						<width>1125</width>
						<height>60</height>
						<font>font13</font>
						<label>   -本地硬盘页壁纸文件夹</label>
						<label2>[COLOR=selected]$VAR[localdrivepagecustomfolder][/COLOR]</label2>
						<textcolor>grey2</textcolor>
						<focusedcolor>white</focusedcolor>
						<texturefocus>MenuItemFOnew.png</texturefocus>
						<texturenofocus>MenuItemNF.png</texturenofocus>
						<onclick>Skin.SetString(localdriveCustombgfolder,"")</onclick>
						<onclick>Skin.SetPath(localdriveCustombgfolder)</onclick>
						<visible>Skin.HasSetting(localdriveonlybg) | Skin.HasSetting(localdriveiconandbg)</visible>
						<visible>Skin.HasSetting(HomeMenuNolocaldrive) + !String.IsEqual(Skin.String(autochangebg),0)</visible>
					</control>
					<control type="radiobutton" id="221">
						<description>Hide Videos Button</description>
						<width>1125</width>
						<height>60</height>
						<font>font13</font>
						<textcolor>grey2</textcolor>
						<focusedcolor>white</focusedcolor>
						<label>$LOCALIZE[31111] - 资料库</label>
						<onclick>Skin.ToggleSetting(HomeMenuNoVideosButton)</onclick>
						<onclick>Skin.Reset(DefaultHomeFocus)</onclick>
						<onclick>Skin.Reset(DefaultHomeFocusItem)</onclick>
						<selected>Skin.HasSetting(HomeMenuNoVideosButton)</selected>
						<texturefocus>MenuItemFOnew.png</texturefocus>
						<texturenofocus>MenuItemNF.png</texturenofocus>
					</control>
					<control type="button" id="22111">
						<description>Hide TV Button</description>
						<width>1125</width>
						<height>60</height>
						<font>font13</font>
						<textcolor>grey2</textcolor>
						<focusedcolor>white</focusedcolor>
						<label>   -自定义资料库图标和壁纸</label>
						<onclick>Skin.SelectBool(31399, 31390|libraryiconbgdefault, 31396|libraryonlyicon, 31397|libraryonlybg, 31398|libraryiconandbg)</onclick>
						<label2>$VAR[libraryiconbgselect]</label2>
						<texturefocus>MenuItemFOnew.png</texturefocus>
						<texturenofocus>MenuItemNF.png</texturenofocus>
						<visible>!Skin.HasSetting(HomeMenuNoVideosButton)</visible>
					</control>
					<control type="button" id="22113">
						<width>1125</width>
						<height>60</height>
						<font>font13</font>
						<label>   -选择资料库图标</label>
						<label2>[COLOR=selected]$INFO[Skin.String(libraryCustomiconimg)][/COLOR]</label2>
						<textcolor>grey2</textcolor>
						<focusedcolor>white</focusedcolor>
						<texturefocus>MenuItemFOnew.png</texturefocus>
						<texturenofocus>MenuItemNF.png</texturenofocus>
						<onclick>Skin.SetImage(libraryCustomiconimg)</onclick>
						<visible>Skin.HasSetting(libraryonlyicon) | Skin.HasSetting(libraryiconandbg)</visible>
						<visible>!Skin.HasSetting(HomeMenuNoVideosButton)</visible>
					</control>
					<control type="button" id="22112">
						<width>1125</width>
						<height>60</height>
						<font>font13</font>
						<label>   -选择资料库壁纸</label>
						<label2>[COLOR=selected]$INFO[Skin.String(libraryCustombgimg)][/COLOR]</label2>
						<textcolor>grey2</textcolor>
						<focusedcolor>white</focusedcolor>
						<texturefocus>MenuItemFOnew.png</texturefocus>
						<texturenofocus>MenuItemNF.png</texturenofocus>
						<onclick>Skin.SetImage(libraryCustombgimg)</onclick>
						<visible>Skin.HasSetting(libraryonlybg) | Skin.HasSetting(libraryiconandbg)</visible>
						<visible>!Skin.HasSetting(HomeMenuNoVideosButton)</visible>
					</control>
					<control type="button" id="22114">
						<width>1125</width>
						<height>60</height>
						<font>font13</font>
						<label>   -资料库页壁纸文件夹</label>
						<label2>[COLOR=selected]$VAR[librarypagecustomfolder][/COLOR]</label2>
						<textcolor>grey2</textcolor>
						<focusedcolor>white</focusedcolor>
						<texturefocus>MenuItemFOnew.png</texturefocus>
						<texturenofocus>MenuItemNF.png</texturenofocus>
						<onclick>Skin.SetString(libraryCustombgfolder,"")</onclick>
						<onclick>Skin.SetPath(libraryCustombgfolder)</onclick>
						<visible>Skin.HasSetting(libraryonlybg) | Skin.HasSetting(libraryiconandbg)</visible>
						<visible>!Skin.HasSetting(HomeMenuNoVideosButton) + !String.IsEqual(Skin.String(autochangebg),0)</visible>
					</control>
					<!--control type="radiobutton" id="211">
						<description>Show Search button</description>
						<width>1125</width>
						<height>60</height>
						<font>font13</font>
						<textcolor>grey2</textcolor>
						<focusedcolor>white</focusedcolor>
						<label>$LOCALIZE[31111] - 资料库子菜单:收藏夹</label>
						<onclick>Skin.ToggleSetting(HomepageHideFavourite)</onclick>
						<selected>Skin.HasSetting(HomepageHideFavourite)</selected>
						<texturefocus>MenuItemFOnew.png</texturefocus>
						<texturenofocus>MenuItemNF.png</texturenofocus>
						<enable>!Skin.HasSetting(HomeMenuNoVideosButton)</enable>
					</control-->
					<control type="radiobutton" id="222">
						<description>Hide Movies Button</description>
						<width>1125</width>
						<height>60</height>
						<font>font13</font>
						<textcolor>grey2</textcolor>
						<focusedcolor>white</focusedcolor>
						<label>$LOCALIZE[31111] - $LOCALIZE[20342]</label>
						<onclick>Skin.ToggleSetting(HomeMenuNoMovieButton)</onclick>
						<onclick>Skin.Reset(DefaultHomeFocus)</onclick>
						<onclick>Skin.Reset(DefaultHomeFocusItem)</onclick>
						<selected>Skin.HasSetting(HomeMenuNoMovieButton)</selected>
						<texturefocus>MenuItemFOnew.png</texturefocus>
						<texturenofocus>MenuItemNF.png</texturenofocus>
					</control>
					<control type="button" id="2221">
						<description>Hide TV Button</description>
						<width>1125</width>
						<height>60</height>
						<font>font13</font>
						<textcolor>grey2</textcolor>
						<focusedcolor>white</focusedcolor>
						<label>   -自定义电影图标和壁纸</label>
						<onclick>Skin.SelectBool(31399, 31390|movieiconbgdefault, 31396|movieonlyicon, 31397|movieonlybg, 31398|movieiconandbg)</onclick>
						<label2>$VAR[movieiconbgselect]</label2>
						<texturefocus>MenuItemFOnew.png</texturefocus>
						<texturenofocus>MenuItemNF.png</texturenofocus>
						<visible>!Skin.HasSetting(HomeMenuNoMovieButton)</visible>
					</control>
					<control type="button" id="2223">
						<width>1125</width>
						<height>60</height>
						<font>font13</font>
						<label>   -选择电影图标</label>
						<label2>[COLOR=selected]$INFO[Skin.String(movieCustomiconimg)][/COLOR]</label2>
						<textcolor>grey2</textcolor>
						<focusedcolor>white</focusedcolor>
						<texturefocus>MenuItemFOnew.png</texturefocus>
						<texturenofocus>MenuItemNF.png</texturenofocus>
						<onclick>Skin.SetImage(movieCustomiconimg)</onclick>
						<visible>Skin.HasSetting(movieonlyicon) | Skin.HasSetting(movieiconandbg)</visible>
						<visible>!Skin.HasSetting(HomeMenuNoMovieButton)</visible>
					</control>
					<control type="button" id="2222">
						<width>1125</width>
						<height>60</height>
						<font>font13</font>
						<label>   -选择电影页壁纸</label>
						<label2>[COLOR=selected]$INFO[Skin.String(movieCustombgimg)][/COLOR]</label2>
						<textcolor>grey2</textcolor>
						<focusedcolor>white</focusedcolor>
						<texturefocus>MenuItemFOnew.png</texturefocus>
						<texturenofocus>MenuItemNF.png</texturenofocus>
						<onclick>Skin.SetImage(movieCustombgimg)</onclick>
						<visible>Skin.HasSetting(movieonlybg) | Skin.HasSetting(movieiconandbg)</visible>
						<visible>!Skin.HasSetting(HomeMenuNoMovieButton)</visible>
					</control>
					<control type="button" id="2224">
						<width>1125</width>
						<height>60</height>
						<font>font13</font>
						<label>   -电影页壁纸文件夹</label>
						<label2>[COLOR=selected]$VAR[moviepagecustomfolder][/COLOR]</label2>
						<textcolor>grey2</textcolor>
						<focusedcolor>white</focusedcolor>
						<texturefocus>MenuItemFOnew.png</texturefocus>
						<texturenofocus>MenuItemNF.png</texturenofocus>
						<onclick>Skin.SetString(movieCustombgfolder,"")</onclick>
						<onclick>Skin.SetPath(movieCustombgfolder)</onclick>
						<visible>Skin.HasSetting(movieonlybg) | Skin.HasSetting(movieiconandbg)</visible>
						<visible>!Skin.HasSetting(HomeMenuNomovieButton) + !String.IsEqual(Skin.String(autochangebg),0)</visible>
					</control>
					<control type="radiobutton" id="223">
						<description>Hide TV Shows Button</description>
						<width>1125</width>
						<height>60</height>
						<font>font13</font>
						<textcolor>grey2</textcolor>
						<focusedcolor>white</focusedcolor>
						<label>$LOCALIZE[31111] - $LOCALIZE[20343]</label>
						<onclick>Skin.ToggleSetting(HomeMenuNoTVShowButton)</onclick>
						<onclick>Skin.Reset(DefaultHomeFocus)</onclick>
						<onclick>Skin.Reset(DefaultHomeFocusItem)</onclick>
						<selected>Skin.HasSetting(HomeMenuNoTVShowButton)</selected>
						<texturefocus>MenuItemFOnew.png</texturefocus>
						<texturenofocus>MenuItemNF.png</texturenofocus>
					</control>
					<control type="button" id="2231">
						<description>Hide TV Button</description>
						<width>1125</width>
						<height>60</height>
						<font>font13</font>
						<textcolor>grey2</textcolor>
						<focusedcolor>white</focusedcolor>
						<label>   -自定义剧集图标和壁纸</label>
						<onclick>Skin.SelectBool(31399, 31390|TVShowiconbgdefault, 31396|TVShowonlyicon, 31397|TVShowonlybg, 31398|TVShowiconandbg)</onclick>
						<label2>$VAR[TVShowiconbgselect]</label2>
						<texturefocus>MenuItemFOnew.png</texturefocus>
						<texturenofocus>MenuItemNF.png</texturenofocus>
						<visible>!Skin.HasSetting(HomeMenuNoTVShowButton)</visible>
					</control>
					<control type="button" id="2233">
						<width>1125</width>
						<height>60</height>
						<font>font13</font>
						<label>   -选择剧集图标</label>
						<label2>[COLOR=selected]$INFO[Skin.String(TVShowCustomiconimg)][/COLOR]</label2>
						<textcolor>grey2</textcolor>
						<focusedcolor>white</focusedcolor>
						<texturefocus>MenuItemFOnew.png</texturefocus>
						<texturenofocus>MenuItemNF.png</texturenofocus>
						<onclick>Skin.SetImage(TVShowCustomiconimg)</onclick>
						<visible>Skin.HasSetting(TVShowonlyicon) | Skin.HasSetting(TVShowiconandbg)</visible>
						<visible>!Skin.HasSetting(HomeMenuNoTVShowButton)</visible>
					</control>
					<control type="button" id="2232">
						<width>1125</width>
						<height>60</height>
						<font>font13</font>
						<label>   -选择剧集页壁纸</label>
						<label2>[COLOR=selected]$INFO[Skin.String(TVShowCustombgimg)][/COLOR]</label2>
						<textcolor>grey2</textcolor>
						<focusedcolor>white</focusedcolor>
						<texturefocus>MenuItemFOnew.png</texturefocus>
						<texturenofocus>MenuItemNF.png</texturenofocus>
						<onclick>Skin.SetImage(TVShowCustombgimg)</onclick>
						<visible>Skin.HasSetting(TVShowonlybg) | Skin.HasSetting(TVShowiconandbg)</visible>
						<visible>!Skin.HasSetting(HomeMenuNoTVShowButton)</visible>
					</control>
					<control type="button" id="2234">
						<width>1125</width>
						<height>60</height>
						<font>font13</font>
						<label>   -剧集页壁纸文件夹</label>
						<label2>[COLOR=selected]$VAR[TVShowpagecustomfolder][/COLOR]</label2>
						<textcolor>grey2</textcolor>
						<focusedcolor>white</focusedcolor>
						<texturefocus>MenuItemFOnew.png</texturefocus>
						<texturenofocus>MenuItemNF.png</texturenofocus>
						<onclick>Skin.SetString(TVShowCustombgfolder,"")</onclick>
						<onclick>Skin.SetPath(TVShowCustombgfolder)</onclick>
						<visible>Skin.HasSetting(TVShowonlybg) | Skin.HasSetting(TVShowiconandbg)</visible>
						<visible>!Skin.HasSetting(HomeMenuNoTVShowButton) + !String.IsEqual(Skin.String(autochangebg),0)</visible>
					</control>
					<control type="radiobutton" id="224">
						<description>Hide Music Button</description>
						<width>1125</width>
						<height>60</height>
						<font>font13</font>
						<textcolor>grey2</textcolor>
						<focusedcolor>white</focusedcolor>
						<label>$LOCALIZE[31111] - $LOCALIZE[2]</label>
						<onclick>Skin.ToggleSetting(HomeMenuNoMusicButton)</onclick>
						<onclick>Skin.Reset(DefaultHomeFocus)</onclick>
						<onclick>Skin.Reset(DefaultHomeFocusItem)</onclick>
						<selected>Skin.HasSetting(HomeMenuNoMusicButton)</selected>
						<texturefocus>MenuItemFOnew.png</texturefocus>
						<texturenofocus>MenuItemNF.png</texturenofocus>
					</control>
					<control type="button" id="2241">
						<description>Hide TV Button</description>
						<width>1125</width>
						<height>60</height>
						<font>font13</font>
						<textcolor>grey2</textcolor>
						<focusedcolor>white</focusedcolor>
						<label>   -自定义音乐图标和壁纸</label>
						<onclick>Skin.SelectBool(31399, 31390|Musiciconbgdefault, 31396|Musiconlyicon, 31397|Musiconlybg, 31398|Musiciconandbg)</onclick>
						<label2>$VAR[Musiciconbgselect]</label2>
						<texturefocus>MenuItemFOnew.png</texturefocus>
						<texturenofocus>MenuItemNF.png</texturenofocus>
						<visible>!Skin.HasSetting(HomeMenuNoMusicButton)</visible>
					</control>
					<control type="button" id="2243">
						<width>1125</width>
						<height>60</height>
						<font>font13</font>
						<label>   -选择音乐图标</label>
						<label2>[COLOR=selected]$INFO[Skin.String(MusicCustomiconimg)][/COLOR]</label2>
						<textcolor>grey2</textcolor>
						<focusedcolor>white</focusedcolor>
						<texturefocus>MenuItemFOnew.png</texturefocus>
						<texturenofocus>MenuItemNF.png</texturenofocus>
						<onclick>Skin.SetImage(MusicCustomiconimg)</onclick>
						<visible>Skin.HasSetting(Musiconlyicon) | Skin.HasSetting(Musiciconandbg)</visible>
						<visible>!Skin.HasSetting(HomeMenuNoMusicButton)</visible>
					</control>
					<control type="button" id="2242">
						<width>1125</width>
						<height>60</height>
						<font>font13</font>
						<label>   -选择音乐页壁纸</label>
						<label2>[COLOR=selected]$INFO[Skin.String(MusicCustombgimg)][/COLOR]</label2>
						<textcolor>grey2</textcolor>
						<focusedcolor>white</focusedcolor>
						<texturefocus>MenuItemFOnew.png</texturefocus>
						<texturenofocus>MenuItemNF.png</texturenofocus>
						<onclick>Skin.SetImage(MusicCustombgimg)</onclick>
						<visible>Skin.HasSetting(Musiconlybg) | Skin.HasSetting(Musiciconandbg)</visible>
						<visible>!Skin.HasSetting(HomeMenuNoMusicButton)</visible>
					</control>
					<control type="button" id="2244">
						<width>1125</width>
						<height>60</height>
						<font>font13</font>
						<label>   -音乐页壁纸文件夹</label>
						<label2>[COLOR=selected]$VAR[Musicpagecustomfolder][/COLOR]</label2>
						<textcolor>grey2</textcolor>
						<focusedcolor>white</focusedcolor>
						<texturefocus>MenuItemFOnew.png</texturefocus>
						<texturenofocus>MenuItemNF.png</texturenofocus>
						<onclick>Skin.SetString(MusicCustombgfolder,"")</onclick>
						<onclick>Skin.SetPath(MusicCustombgfolder)</onclick>
						<visible>Skin.HasSetting(Musiconlybg) | Skin.HasSetting(Musiciconandbg)</visible>
						<visible>!Skin.HasSetting(HomeMenuNoMusicButton) + !String.IsEqual(Skin.String(autochangebg),0)</visible>
					</control>
					<control type="radiobutton" id="226">
						<description>Hide Programs Button</description>
						<width>1125</width>
						<height>60</height>
						<font>font13</font>
						<textcolor>grey2</textcolor>
						<focusedcolor>white</focusedcolor>
						<label>$LOCALIZE[31111] - $LOCALIZE[24001]</label>
						<onclick>Skin.ToggleSetting(HomeMenuNoProgramsButton)</onclick>
						<onclick>Skin.Reset(DefaultHomeFocus)</onclick>
						<onclick>Skin.Reset(DefaultHomeFocusItem)</onclick>
						<selected>!Skin.HasSetting(HomeMenuNoProgramsButton)</selected>
						<texturefocus>MenuItemFOnew.png</texturefocus>
						<texturenofocus>MenuItemNF.png</texturenofocus>
					</control>
					<control type="button" id="2261">
						<description>Hide TV Button</description>
						<width>1125</width>
						<height>60</height>
						<font>font13</font>
						<textcolor>grey2</textcolor>
						<focusedcolor>white</focusedcolor>
						<label>   -自定义插件图标和壁纸</label>
						<onclick>Skin.SelectBool(31399, 31390|Programsiconbgdefault, 31396|Programsonlyicon, 31397|Programsonlybg, 31398|Programsiconandbg)</onclick>
						<label2>$VAR[Programsiconbgselect]</label2>
						<texturefocus>MenuItemFOnew.png</texturefocus>
						<texturenofocus>MenuItemNF.png</texturenofocus>
						<visible>Skin.HasSetting(HomeMenuNoProgramsButton)</visible>
					</control>
					<control type="button" id="2263">
						<width>1125</width>
						<height>60</height>
						<font>font13</font>
						<label>   -选择插件图标</label>
						<label2>[COLOR=selected]$INFO[Skin.String(ProgramsCustomiconimg)][/COLOR]</label2>
						<textcolor>grey2</textcolor>
						<focusedcolor>white</focusedcolor>
						<texturefocus>MenuItemFOnew.png</texturefocus>
						<texturenofocus>MenuItemNF.png</texturenofocus>
						<onclick>Skin.SetImage(ProgramsCustomiconimg)</onclick>
						<visible>Skin.HasSetting(Programsonlyicon) | Skin.HasSetting(Programsiconandbg)</visible>
						<visible>Skin.HasSetting(HomeMenuNoProgramsButton)</visible>
					</control>
					<control type="button" id="2262">
						<width>1125</width>
						<height>60</height>
						<font>font13</font>
						<label>   -选择插件页壁纸</label>
						<label2>[COLOR=selected]$INFO[Skin.String(ProgramsCustombgimg)][/COLOR]</label2>
						<textcolor>grey2</textcolor>
						<focusedcolor>white</focusedcolor>
						<texturefocus>MenuItemFOnew.png</texturefocus>
						<texturenofocus>MenuItemNF.png</texturenofocus>
						<onclick>Skin.SetImage(ProgramsCustombgimg)</onclick>
						<visible>Skin.HasSetting(Programsonlybg) | Skin.HasSetting(Programsiconandbg)</visible>
						<visible>Skin.HasSetting(HomeMenuNoProgramsButton)</visible>
					</control>
					<control type="button" id="2264">
						<width>1125</width>
						<height>60</height>
						<font>font13</font>
						<label>   -插件页壁纸文件夹</label>
						<label2>[COLOR=selected]$VAR[Programspagecustomfolder][/COLOR]</label2>
						<textcolor>grey2</textcolor>
						<focusedcolor>white</focusedcolor>
						<texturefocus>MenuItemFOnew.png</texturefocus>
						<texturenofocus>MenuItemNF.png</texturenofocus>
						<onclick>Skin.SetString(ProgramsCustombgfolder,"")</onclick>
						<onclick>Skin.SetPath(ProgramsCustombgfolder)</onclick>
						<visible>Skin.HasSetting(Programsonlybg) | Skin.HasSetting(Programsiconandbg)</visible>
						<visible>Skin.HasSetting(HomeMenuNoProgramsButton) + !String.IsEqual(Skin.String(autochangebg),0)</visible>
					</control>
					<control type="radiobutton" id="225">
						<width>1125</width>
						<height>60</height>
						<font>font13</font>
						<textcolor>grey2</textcolor>
						<focusedcolor>white</focusedcolor>
						<label>$LOCALIZE[31111] - 设置</label>
						<onclick>Skin.ToggleSetting(HomeMenuNosettingButton)</onclick>
						<onclick>Skin.Reset(DefaultHomeFocus)</onclick>
						<onclick>Skin.Reset(DefaultHomeFocusItem)</onclick>
						<selected>Skin.HasSetting(HomeMenuNosettingButton)</selected>
						<texturefocus>MenuItemFOnew.png</texturefocus>
						<texturenofocus>MenuItemNF.png</texturenofocus>
						<enable>!true</enable>
					</control>
					<control type="button" id="2251">
						<description>Hide TV Button</description>
						<width>1125</width>
						<height>60</height>
						<font>font13</font>
						<textcolor>grey2</textcolor>
						<focusedcolor>white</focusedcolor>
						<label>   -自定义设置图标和壁纸</label>
						<onclick>Skin.SelectBool(31399, 31390|settingsiconbgdefault, 31396|settingsonlyicon, 31397|settingsonlybg, 31398|settingsiconandbg)</onclick>
						<label2>$VAR[settingsiconbgselect]</label2>
						<texturefocus>MenuItemFOnew.png</texturefocus>
						<texturenofocus>MenuItemNF.png</texturenofocus>
					</control>
					<control type="button" id="2253">
						<width>1125</width>
						<height>60</height>
						<font>font13</font>
						<label>   -选择设置图标</label>
						<label2>[COLOR=selected]$INFO[Skin.String(settingsCustomiconimg)][/COLOR]</label2>
						<textcolor>grey2</textcolor>
						<focusedcolor>white</focusedcolor>
						<texturefocus>MenuItemFOnew.png</texturefocus>
						<texturenofocus>MenuItemNF.png</texturenofocus>
						<onclick>Skin.SetImage(settingsCustomiconimg)</onclick>
						<visible>Skin.HasSetting(settingsonlyicon) | Skin.HasSetting(settingsiconandbg)</visible>
					</control>
					<control type="button" id="2252">
						<width>1125</width>
						<height>60</height>
						<font>font13</font>
						<label>   -选择设置页壁纸</label>
						<label2>[COLOR=selected]$INFO[Skin.String(settingsCustombgimg)][/COLOR]</label2>
						<textcolor>grey2</textcolor>
						<focusedcolor>white</focusedcolor>
						<texturefocus>MenuItemFOnew.png</texturefocus>
						<texturenofocus>MenuItemNF.png</texturenofocus>
						<onclick>Skin.SetImage(settingsCustombgimg)</onclick>
						<visible>Skin.HasSetting(settingsonlybg) | Skin.HasSetting(settingsiconandbg)</visible>
					</control>
					<control type="button" id="2254">
						<width>1125</width>
						<height>60</height>
						<font>font13</font>
						<label>   -设置页壁纸文件夹</label>
						<label2>[COLOR=selected]$VAR[settingspagecustomfolder][/COLOR]</label2>
						<textcolor>grey2</textcolor>
						<focusedcolor>white</focusedcolor>
						<texturefocus>MenuItemFOnew.png</texturefocus>
						<texturenofocus>MenuItemNF.png</texturenofocus>
						<onclick>Skin.SetString(settingsCustombgfolder,"")</onclick>
						<onclick>Skin.SetPath(settingsCustombgfolder)</onclick>
						<visible>Skin.HasSetting(settingsonlybg) | Skin.HasSetting(settingsiconandbg)</visible>
						<visible>!String.IsEqual(Skin.String(autochangebg),0)</visible>
					</control>
					</control>
				<control type="scrollbar" id="64">
					<left>1590</left>
					<top>90</top>
					<width>38</width>
					<height>795</height>
					<texturesliderbackground border="0,28,0,28">ScrollBarV.png</texturesliderbackground>
					<texturesliderbar border="0,28,0,28">ScrollBarV_bar.png</texturesliderbar>
					<texturesliderbarfocus border="0,28,0,28">ScrollBarV_bar_focus.png</texturesliderbarfocus>
					<textureslidernib>ScrollBarNib.png</textureslidernib>
					<textureslidernibfocus>ScrollBarNib.png</textureslidernibfocus>
					<onleft>9004</onleft>
					<onright>9000</onright>
					<showonepage>false</showonepage>
					<orientation>vertical</orientation>
					<visible>Container(9000).Hasfocus(4)</visible>
				</control>
				<control type="grouplist" id="9005">
						<visible>Container(9000).Hasfocus(5)</visible>
						<left>435</left>
						<top>90</top>
						<width>1125</width>
						<height>795</height>
						<itemgap>-2</itemgap>
						<pagecontrol>65</pagecontrol>
						<onleft>9000</onleft>
						<onright>65</onright>
						<onup>9005</onup>
						<ondown>9005</ondown>
						<control type="label" id="400">
							<width>1125</width>
							<height>68</height>
							<font>font13_title</font>
							<label>依赖插件</label>
							<textcolor>blue</textcolor>
							<shadowcolor>black</shadowcolor>
							<align>left</align>
							<aligny>center</aligny>
						</control>
						<control type="radiobutton" id="501">
							<width>1125</width>
							<height>60</height>
							<font>font13</font>
							<label>plugin.video.themoviedb.helper</label>
							<label2>$VAR[tmdbhelpercon]       </label2>
							<textcolor>grey2</textcolor>
							<focusedcolor>white</focusedcolor>
							<texturefocus>MenuItemFOnew.png</texturefocus>
							<texturenofocus>MenuItemNF.png</texturenofocus>
							<onclick condition="System.HasAddon(plugin.video.themoviedb.helper) + System.AddonIsEnabled(plugin.video.themoviedb.helper)">RunScript(special://skin/scripts/tmdbhelper.py)</onclick>
							<onclick condition="System.HasAddon(plugin.video.themoviedb.helper) + !System.AddonIsEnabled(plugin.video.themoviedb.helper)">EnableAddon(plugin.video.themoviedb.helper)</onclick>
                            <onclick condition="!System.HasAddon(plugin.video.themoviedb.helper)">InstallAddon(plugin.video.themoviedb.helper)</onclick>
                            <selected>System.HasAddon(plugin.video.themoviedb.helper) + System.AddonIsEnabled(plugin.video.themoviedb.helper)</selected>
						</control>
						<control type="radiobutton" id="502">
							<width>1125</width>
							<height>60</height>
							<font>font13</font>
							<label>script.skinvariables</label>
							<label2>$VAR[skinvariablescon]       </label2>
							<textcolor>grey2</textcolor>
							<focusedcolor>white</focusedcolor>
							<texturefocus>MenuItemFOnew.png</texturefocus>
							<texturenofocus>MenuItemNF.png</texturenofocus>
							<onclick condition="!System.HasAddon(script.skinvariables)">InstallAddon(script.skinvariables)</onclick>
                            <onclick condition="!System.AddonIsEnabled(script.skinvariables) + System.HasAddon(script.skinvariables)">EnableAddon(script.skinvariables)</onclick>
                            <onclick condition="System.AddonIsEnabled(script.skinvariables) + System.HasAddon(script.skinvariables)">Addon.OpenSettings(script.skinvariables)</onclick>
                            <selected>System.AddonIsEnabled(script.skinvariables) + System.HasAddon(script.skinvariables)</selected>
						</control>
						<control type="radiobutton" id="5003">
							<width>1125</width>
							<height>60</height>
							<font>font13</font>
							<label>script.embuary.info</label>
							<label2>$VAR[embuaryinfocon]       </label2>
							<textcolor>grey2</textcolor>
							<focusedcolor>white</focusedcolor>
							<texturefocus>MenuItemFOnew.png</texturefocus>
							<texturenofocus>MenuItemNF.png</texturenofocus>
							<onclick condition="!System.HasAddon(script.embuary.info)">InstallAddon(script.embuary.info)</onclick>
                            <onclick condition="!System.AddonIsEnabled(script.embuary.info) + System.HasAddon(script.embuary.info)">EnableAddon(script.embuary.info)</onclick>
                            <onclick condition="System.AddonIsEnabled(script.embuary.info) + System.HasAddon(script.embuary.info)">Addon.OpenSettings(script.embuary.info)</onclick>
                            <selected>System.AddonIsEnabled(script.embuary.info) + System.HasAddon(script.embuary.info)</selected>
						</control>
						<control type="radiobutton" id="5004">
							<width>1125</width>
							<height>60</height>
							<font>font13</font>
							<label>script.globalsearch</label>
							<label2>$VAR[globalsearchcon]       </label2>
							<textcolor>grey2</textcolor>
							<focusedcolor>white</focusedcolor>
							<texturefocus>MenuItemFOnew.png</texturefocus>
							<texturenofocus>MenuItemNF.png</texturenofocus>
							<onclick condition="!System.HasAddon(script.globalsearch)">InstallAddon(script.globalsearch)</onclick>
                            <onclick condition="!System.AddonIsEnabled(script.globalsearch) + System.HasAddon(script.globalsearch)">EnableAddon(script.globalsearch)</onclick>
                            <onclick condition="System.AddonIsEnabled(script.globalsearch) + System.HasAddon(script.globalsearch)">Addon.OpenSettings(script.globalsearch)</onclick>
                            <selected>System.AddonIsEnabled(script.globalsearch) + System.HasAddon(script.globalsearch)</selected>
						</control>
					</control>
					<control type="scrollbar" id="65">
					<left>1590</left>
					<top>90</top>
					<width>38</width>
					<height>795</height>
					<texturesliderbackground border="0,28,0,28">ScrollBarV.png</texturesliderbackground>
					<texturesliderbar border="0,28,0,28">ScrollBarV_bar.png</texturesliderbar>
					<texturesliderbarfocus border="0,28,0,28">ScrollBarV_bar_focus.png</texturesliderbarfocus>
					<textureslidernib>ScrollBarNib.png</textureslidernib>
					<textureslidernibfocus>ScrollBarNib.png</textureslidernibfocus>
					<onleft>9005</onleft>
					<onright>9000</onright>
					<showonepage>false</showonepage>
					<orientation>vertical</orientation>
					<visible>Container(9000).Hasfocus(5)</visible>
				</control>
					
			</control>
		</control>
		<include>CommonNowPlaying</include>
		<include>MainWindowMouseButtons</include>
		<include>BehindDialogFadeOut</include>
	</controls>
</window>
