<?xml version="1.0" encoding="UTF-8"?>
<window id="1126" type="dialog">
   <defaultcontrol always="true">11</defaultcontrol>
   <onload condition="Skin.HasSetting(backstopplay) + [Player.Paused | Player.Playing]">stop</onload>
	<coordinates>
		<left>473</left>
		<top>330</top>
	</coordinates>
	<include>dialogeffect</include>
	<depth>DepthDialog+</depth>
	<controls>
		<control type="image">
			<description>background image</description>
			<left>0</left>
			<top>0</top>
			<width>975</width>
			<height>390</height>
			<texture border="16" colordiffuse="95282a2e">common/dialog.png</texture>
		</control>
		<control type="image">
			 <top>10</top>
			 <left>820</left>
			 <height>50</height>
             <width>128</width>
             <bordersize>0</bordersize>
              <texture>confluence_logo.png</texture>
           </control>
			<control type="image">
                    <top>70</top>
					<width>935</width>
                    <height>1</height>
                    <left>20</left>
                    <texture colordiffuse="grey2">common/white.png</texture>
                </control>
				 <control type="label">
                     <width>935</width>
					 <label>警告</label>
					 <top>16</top>
					 <left>20</left>
					 <align>center</align>
                     <font>font14</font>
                    <textcolor>ffFFA500</textcolor>
                </control>  
		<control type="textbox" id="9">
			<description>text</description>
			<left>45</left>
			<top>143</top>
			<width>885</width>
			<height>147</height>
			<align>center</align>
			<label>需要复位皮肤设置吗？(警告:所有皮肤设置将被恢复成初始值!)</label>
			<font>font13</font>
			<textcolor>red</textcolor>
			<visible>!Player.Playing + !Player.Seeking + !Player.Paused + !Player.Forwarding + !Player.Rewinding</visible>
		</control>
		<control type="textbox" id="9">
			<description>text</description>
			<left>45</left>
			<top>143</top>
			<width>885</width>
			<height>147</height>
			<align>center</align>
			<label>确定关闭播放吗？</label>
			<font>font16</font>
			<textcolor>white</textcolor>
			<visible>Player.Playing | Player.Seeking | Player.Paused | Player.Forwarding | Player.Rewinding</visible>
		</control>
		<control type="grouplist" id="9000">
			<left>38</left>
			<top>293</top>
			<width>900</width>
			<height>60</height>
			<align>center</align>
			<itemgap>0</itemgap>
			<orientation>horizontal</orientation>
			<control type="button" id="11">
				<description>OK button</description>
				<width>300</width>
				<height>60</height>
				<label>107</label>
				<font>font12_title</font>
				<textcolor>white</textcolor>
				<focusedcolor>white</focusedcolor>
				<align>center</align>
				<onclick>SetProperty(ResetSkinSettings,True,Home)</onclick>
				<onclick>Skin.ResetSettings</onclick>
                <onclick>ClearProperty(SkinInitStarted,Home)</onclick>
				<onclick>ReloadSkin()</onclick>
				<onclick>Skin.SetString(info_delay,0)</onclick>
				<onclick>Dialog.Close(1126)</onclick>
				<visible>!Player.Playing + !Player.Seeking + !Player.Paused + !Player.Forwarding + !Player.Rewinding</visible>
			</control>
			<control type="button" id="10">
				<description>Cancel button</description>
				<width>300</width>
				<height>60</height>
				<label>106</label>
				<font>font12_title</font>
				<textcolor>white</textcolor>
				<focusedcolor>white</focusedcolor>
				<align>center</align>
				<onclick>back</onclick>
				<visible>!Player.Playing + !Player.Seeking + !Player.Paused + !Player.Forwarding + !Player.Rewinding</visible>
			</control>
			<control type="button" id="11">
				<description>OK button</description>
				<width>300</width>
				<height>60</height>
				<label>107</label>
				<font>font12_title</font>
				<textcolor>white</textcolor>
				<focusedcolor>white</focusedcolor>
				<align>center</align>
				<onclick>Stop</onclick>
				<onclick>dialog.close(all,true)</onclick>
				<visible>Player.Playing | Player.Seeking | Player.Paused | Player.Forwarding | Player.Rewinding</visible>
			</control>
			<control type="button" id="10">
				<description>Cancel button</description>
				<width>300</width>
				<height>60</height>
				<label>106</label>
				<font>font12_title</font>
				<textcolor>white</textcolor>
				<focusedcolor>white</focusedcolor>
				<align>center</align>
				<onclick>back</onclick>
				<visible>Player.Playing | Player.Seeking | Player.Paused | Player.Forwarding | Player.Rewinding</visible>
			</control>
		</control>
		
	</controls>
</window>
