<?xml version="1.0" encoding="UTF-8"?>
<window type="window" id="1190">
    <defaultcontrol always="true">9999</defaultcontrol>
    <onload>SetProperty(TMDbHelper.WidgetContainer,9999)</onload>
    <onload>SetProperty(TMDbHelper.HideView,1,Home)</onload>
    <onunload>AlarmClock(ShowView,ClearProperty(TMDbHelper.HideView,Home),00:02,silent)</onunload>
    <controls>
        <include>Background_Main</include>
        <control type="list" id="9999">
            <top>-1000</top>
            <left>-1000</left>
            <width>1</width>
            <height>1</height>
            <itemlayout />
            <focusedlayout />
            <content target="videos">$INFO[Window(Home).Property(TMDbHelper.Path.Current)]</content>
        </control>
       
    </controls>
</window>
