<?xml version="1.0" encoding="UTF-8"?>
<window>
	<defaultcontrol always="true">50</defaultcontrol>
	<menucontrol>9000</menucontrol>
	<views>50,51,500,550,551,560,501,508,504,503,515,505,511</views>
	<onload condition="!Skin.HasSetting(FirstTimeRun)">ActivateWindow(1112)</onload>
	<controls>
	    <control type="list" id="99950">
			<left>-100</left>
		<top>-100</top>
		<width>100</width>
		<height>100</height>
		<itemlayout height="100" width="100" />
		<focusedlayout height="100" width="100" />
		</control>
		<control type="label" id="666">
			<width>225</width>
			<align>left</align>
			<font>font13</font>
			<textcolor>white</textcolor>
			<shadowcolor>black</shadowcolor>
			<label>$VAR[typehackflagging]</label>
		</control>
		<include>CommonBackground</include>
		<include>ContentPanelBackgrounds</include>
		<control type="group">
			<include>Window_OpenClose_Animation</include>
			<!-- view id = 50 -->
			<include>CommonRootView</include>
			<!-- view id = 51 -->
			<include>FullWidthList</include>
			<!-- view id = 500 -->
			<include>ThumbnailView</include>
			<!-- view id = 501 -->
			<!--include>PosterWrapView</include-->
			<!-- view id = 508 -->
			<include>PosterWrapView2_Fanart</include>
			<!-- view id = 503 -->
			<include>MediaListView3</include>
			<!-- view id = 504 -->
			<include>MediaListView2</include>
			<!-- view id = 515 -->
			<include>MediaListView4</include>
			<!-- view id = 505 -->
			<include>WideIconView</include>
			<!-- view id = 511 -->
			<include>MusicVideoInfoListView</include>
			<!-- view id = 550 -->
			<include>AddonInfoListView1</include>
			<!-- view id = 551 -->
			<include>AddonInfoThumbView1</include>
			<!-- view id = 560 -->
			<include>LiveTVView1</include>
		</control>
		<control type="group">
			<depth>DepthFooter</depth>
			<include>CommonPageCount</include>
			<include>CommonNowPlaying</include>
		</control>
		<include>MainWindowMouseButtons</include>
		<include>BehindDialogFadeOut</include>
		<include>ScrollOffsetLabel</include>
		<include content="CommonWindowHeader">
			<param name="Icon" value="icon_video"/>
			<param name="Label" value="$LOCALIZE[3]"/>
		</include>
		<control type="group">
			<left>-375</left>
			<include>SideBladeLeft</include>
			<control type="grouplist" id="9000">
				<left>0</left>
				<top>90</top>
				<width>375</width>
				<height>975</height>
				<onleft>50</onleft>
				<onright>50</onright>
				<onup>9000</onup>
				<ondown>9000</ondown>
				<onback>50</onback>
				<itemgap>0</itemgap>
				<defaultcontrol>1</defaultcontrol>
				<control type="label" id="200">
					<width>375</width>
					<height>53</height>
					<font>font12</font>
					<label>31006</label>
					<textcolor>blue</textcolor>
					<align>center</align>
					<aligny>center</aligny>
				</control>
				<control type="button" id="990">
					<label>全局搜索</label>
					<onclick condition="System.AddonIsEnabled(script.globalsearch)">RunScript(script.globalsearch)</onclick>
					<onclick condition="!System.AddonIsEnabled(script.globalsearch) + System.HasAddon(script.globalsearch)">EnableAddon(script.globalsearch)</onclick>
					<onclick condition="!System.HasAddon(script.globalsearch)">InstallAddon(script.globalsearch)</onclick>
					<include>ButtonCommonValues</include>
				</control>
				<control type="button" id="2">
					<description>View As button</description>
					<textwidth>353</textwidth>
					<include>ButtonCommonValues</include>
					<label/>
				</control>
				<control type="button" id="3">
					<description>Sort by button</description>
					<include>ButtonCommonValues</include>
					<label>103</label>
				</control>
				<control type="togglebutton" id="4">
					<description>Sort asc</description>
					<include>ButtonCommonValues</include>
					<alttexturefocus border="5">button-focus.png</alttexturefocus>
					<alttexturenofocus/>
					<label>31051</label>
					<altlabel>31050</altlabel>
					<usealttexture>Container.SortDirection(Ascending)</usealttexture>
				</control>
				<control type="button" id="5115">
					<visible>Control.IsVisible(51) + !Container.Content(episodes) + !Container.Content(musicvideos)</visible>
					<include>ButtonCommonValues</include>
					<label>模式选择</label>
					<onclick>Skin.SelectBool(31404, 31390|defaultposter, 31405|Usemiddleposition, 31406|Use3Dposter, 31407|Use3Dposter2)</onclick>
					<onclick>ReloadSkin()</onclick>
					<label2>$VAR[postermethodselect]</label2>
				</control>
				<control type="radiobutton" id="51151">
					<visible>Control.IsVisible(51) + !Container.Content(episodes) + !Container.Content(musicvideos)</visible>
					<include>ButtonCommonValues</include>
					<label>3D效果降低负载</label>
					<selected>!Skin.HasSetting(3D1reduceload)</selected>
					<onclick>Skin.ToggleSetting(3D1reduceload)</onclick>
					<visible>Skin.HasSetting(Use3Dposter)</visible>
				</control>
				<control type="radiobutton" id="5110">
					<visible>Control.IsVisible(51) + !Container.Content(episodes) + !Container.Content(musicvideos) + Container.Content(movies)</visible>
					<include>ButtonCommonValues</include>
					<label>同人画纯净背景(电影)</label>
					<selected>Skin.HasSetting(mainfanart)</selected>
					<onclick>Skin.ToggleSetting(mainfanart)</onclick>
					<onclick condition="Skin.HasSetting(Hidehorizone5)">Skin.ToggleSetting(Hidehorizone5)</onclick>
					<visible>!Skin.HasSetting(Use3Dposter2)</visible>
				</control>
				<control type="radiobutton" id="5111">
					<visible>Control.IsVisible(51) + !Container.Content(episodes) + !Container.Content(musicvideos) + Container.Content(tvshows)</visible>
					<include>ButtonCommonValues</include>
					<label>同人画纯净背景(剧集)</label>
					<selected>Skin.HasSetting(tvshowfanart)</selected>
					<onclick>Skin.ToggleSetting(tvshowfanart)</onclick>
					<onclick condition="Skin.HasSetting(Hidehorizone5)">Skin.ToggleSetting(Hidehorizone5)</onclick>
					<visible>!Skin.HasSetting(Use3Dposter2)</visible>
				</control>
				<control type="radiobutton" id="51101">
					<visible>Control.IsVisible(51) + !Container.Content(episodes) + !Container.Content(musicvideos) + Container.Content(movies)</visible>
					<include>ButtonCommonValues</include>
					<label>  -隐藏时间行(电影)</label>
					<selected>Skin.HasSetting(Hidehorizone2)</selected>
					<onclick>Skin.ToggleSetting(Hidehorizone2)</onclick>
					<visible>!Skin.HasSetting(mainfanart) | Skin.HasSetting(Use3Dposter2)</visible>
				</control>
				<control type="radiobutton" id="51111">
					<visible>Control.IsVisible(51) + !Container.Content(episodes) + !Container.Content(musicvideos) + Container.Content(tvshows)</visible>
					<include>ButtonCommonValues</include>
					<label>  -隐藏时间行(剧集)</label>
					<selected>Skin.HasSetting(Hidehorizone2tvshow)</selected>
					<onclick>Skin.ToggleSetting(Hidehorizone2tvshow)</onclick>
					<visible>!Skin.HasSetting(tvshowfanart) | Skin.HasSetting(Use3Dposter2)</visible>
				</control>
				<control type="radiobutton" id="51102">
					<visible>Control.IsVisible(51) + !Container.Content(episodes) + !Container.Content(musicvideos) + Container.Content(movies)</visible>
					<include>ButtonCommonValues</include>
					<label>  -隐藏评分行(电影)</label>
					<selected>Skin.HasSetting(Hidehorizone3)</selected>
					<onclick>Skin.ToggleSetting(Hidehorizone3)</onclick>
					<visible>!Skin.HasSetting(mainfanart) | Skin.HasSetting(Use3Dposter2)</visible>
				</control>
				<control type="radiobutton" id="51112">
					<visible>Control.IsVisible(51) + !Container.Content(episodes) + !Container.Content(musicvideos) + Container.Content(tvshows)</visible>
					<include>ButtonCommonValues</include>
					<label>  -隐藏评分行(剧集)</label>
					<selected>Skin.HasSetting(Hidehorizone3tvshow)</selected>
					<onclick>Skin.ToggleSetting(Hidehorizone3tvshow)</onclick>
					<visible>!Skin.HasSetting(tvshowfanart) | Skin.HasSetting(Use3Dposter2)</visible>
				</control>
				<control type="radiobutton" id="51103">
					<visible>Control.IsVisible(51) + !Container.Content(episodes) + !Container.Content(musicvideos) + Container.Content(movies)</visible>
					<include>ButtonCommonValues</include>
					<label>  -隐藏简介行(电影)</label>
					<selected>Skin.HasSetting(Hidehorizone4)</selected>
					<onclick>Skin.ToggleSetting(Hidehorizone4)</onclick>
					<visible>!Skin.HasSetting(mainfanart) | Skin.HasSetting(Use3Dposter2)</visible>
				</control>
				<control type="radiobutton" id="51113">
					<visible>Control.IsVisible(51) + !Container.Content(episodes) + !Container.Content(musicvideos) + Container.Content(tvshows)</visible>
					<include>ButtonCommonValues</include>
					<label>  -隐藏简介行(剧集)</label>
					<selected>Skin.HasSetting(Hidehorizone4tvshow)</selected>
					<onclick>Skin.ToggleSetting(Hidehorizone4tvshow)</onclick>
					<visible>!Skin.HasSetting(tvshowfanart) | Skin.HasSetting(Use3Dposter2)</visible>
				</control>
				<control type="radiobutton" id="51104">
					<visible>Control.IsVisible(51) + !Container.Content(episodes) + !Container.Content(musicvideos) + Container.Content(movies)</visible>
					<include>ButtonCommonValues</include>
					<label>  -底部片名(电影)</label>
					<selected>Skin.HasSetting(Hidehorizone5)</selected>
					<onclick>Skin.ToggleSetting(Hidehorizone5)</onclick>
					<visible>!Skin.HasSetting(mainfanart) | Skin.HasSetting(Use3Dposter2)</visible>
				</control>
				<control type="radiobutton" id="51114">
					<visible>Control.IsVisible(51) + !Container.Content(episodes) + !Container.Content(musicvideos) + Container.Content(tvshows)</visible>
					<include>ButtonCommonValues</include>
					<label>  -底部片名(剧集)</label>
					<selected>Skin.HasSetting(Hidehorizone5tvshow)</selected>
					<onclick>Skin.ToggleSetting(Hidehorizone5tvshow)</onclick>
					<visible>!Skin.HasSetting(tvshowfanart) | Skin.HasSetting(Use3Dposter2)</visible>
				</control>
				<!--control type="radiobutton" id="5111">
					<visible>Control.IsVisible(51) + !Container.Content(episodes) + !Container.Content(musicvideos)</visible>
					<description>地平线海报墙中间位</description>
					<include>ButtonCommonValues</include>
					<label>中间位海报作为焦点</label>
					<selected>Skin.HasSetting(Usemiddleposition)</selected>
					<onclick>Skin.ToggleSetting(Usemiddleposition)</onclick>
					<enable>!Skin.HasSetting(Use3Dposter)</enable>
					<visible>!Skin.HasSetting(Use3Dposter)</visible>
				</control-->
				<control type="radiobutton" id="5114">
					<visible>Control.IsVisible(51) + !Container.Content(episodes) + !Container.Content(musicvideos)</visible>
					<include>ButtonCommonValues</include>
					<label>关闭光盘盒外套</label>
					<selected>Skin.HasSetting(discboxoff)</selected>
					<onclick>Skin.ToggleSetting(discboxoff)</onclick>
					<visible>!Skin.HasSetting(Use3Dposter2)</visible>
				</control>
				<control type="radiobutton" id="5112">
					<visible>Control.IsVisible(51) + !Container.Content(episodes) + !Container.Content(musicvideos)</visible>
					<include>ButtonCommonValues</include>
					<label>关闭光盘动画</label>
					<selected>Skin.HasSetting(discAnimationoff)</selected>
					<onclick>Skin.ToggleSetting(discAnimationoff)</onclick>
					<onclick condition="!Skin.HasSetting(3ddiscAnimationoff)">Skin.ToggleSetting(3ddiscAnimationoff)</onclick>
				</control>
				<control type="radiobutton" id="51121">
					<visible>Control.IsVisible(51) + !Container.Content(episodes) + !Container.Content(musicvideos)</visible>
					<include>ButtonCommonValues</include>
					<label>关闭合集光盘动画</label>
					<selected>Skin.HasSetting(3ddiscAnimationoff)</selected>
					<onclick>Skin.ToggleSetting(3ddiscAnimationoff)</onclick>
					<visible>Skin.HasSetting(Use3Dposter2) + !Skin.HasSetting(discAnimationoff)</visible>
				</control>
				<control type="radiobutton" id="5113">
					<visible>Control.IsVisible(51) + !Container.Content(episodes) + !Container.Content(musicvideos) + !Skin.HasSetting(discAnimationoff)</visible>
					<description>光盘入盒</description>
					<include>ButtonCommonValues</include>
					<label>光盘滚向海报</label>
					<selected>Skin.HasSetting(discintomovie)</selected>
					<onclick>Skin.ToggleSetting(discintomovie)</onclick>
					<visible>!Skin.HasSetting(Use3Dposter2)</visible>
				</control>
				<control type="edit" id="19">
					<visible>Container.CanFilter + !Container.CanFilterAdvanced</visible>
					<description>Filter</description>
					<textwidth>345</textwidth>
					<include>ButtonCommonValues</include>
					<label>587</label>
				</control>
				<control type="radiobutton" id="98">
					<visible>Container.CanFilterAdvanced</visible>
					<description>Filter</description>
					<include>ButtonCommonValues</include>
					<label>587</label>
					<selected>Container.Filtered</selected>
					<onclick>right</onclick>
					<onclick>Filter</onclick>
				</control>
				<control type="radiobutton" id="99">
					<description>Show Info Toggle</description>
					<textwidth>255</textwidth>
					<include>ButtonCommonValues</include>
					<label>31005</label>
					<onclick>Skin.ToggleSetting(View508HideInfo)</onclick>
					<selected>Skin.HasSetting(View508HideInfo)</selected>
					<visible>Control.IsVisible(508)</visible>
				</control>
				<control type="label" id="201">
					<width>375</width>
					<height>53</height>
					<font>font12</font>
					<label>31026</label>
					<textcolor>blue</textcolor>
					<align>center</align>
					<aligny>center</aligny>
				</control>
				<control type="radiobutton" id="14">
					<description>Watched Toggle</description>
					<textwidth>255</textwidth>
					<include>ButtonCommonValues</include>
					<label>20367</label>
				</control>
				<control type="button" id="8">
					<description>Search</description>
					<include>ButtonCommonValues</include>
					<label>本页搜索</label>
				</control>
				<control type="radiobutton" id="16">
					<description>PartyMode</description>
					<label>589</label>
					<include>ButtonCommonValues</include>
					<visible>Container.Content(MusicVideos)</visible>
				</control>
				<control type="radiobutton" id="11">
					<description>Unlock Shares</description>
					<textwidth>255</textwidth>
					<include>ButtonCommonValues</include>
					<label>20336</label>
					<onclick>mastermode</onclick>
					<selected>system.ismaster</selected>
					<visible>system.haslocks</visible>
				</control>
				<control type="label" id="203">
					<width>375</width>
					<height>53</height>
					<font>font12</font>
					<label>31039</label>
					<textcolor>blue</textcolor>
					<align>center</align>
					<aligny>center</aligny>
				</control>
				<control type="togglebutton" id="20">
					<description>Update library</description>
					<textwidth>353</textwidth>
					<include>ButtonCommonValues</include>
					<label>653</label>
					<altlabel>13353</altlabel>
					<alttexturefocus border="5">button-focus.png</alttexturefocus>
					<alttexturenofocus/>
					<usealttexture>library.isscanningvideo</usealttexture>
				</control>
				<control type="button" id="204">
					<description>Get more</description>
					<textwidth>353</textwidth>
					<include>ButtonCommonValues</include>
					<label>21452</label>
					<onclick>ActivateWindow(addonbrowser,addons://more/video/,return)</onclick>
					<visible>Container.Content(addons)</visible>
				</control>
				<include>CommonNowPlaying_Controls</include>
			</control>
		<control type="image">
				<description>Section header image</description>
				<left>310</left>
				<top>145</top>
				<width>53</width>
				<height>53</height>
				<aspectratio>keep</aspectratio>
				<texture>icon_search_home.png</texture>
			</control>
		</control>
		
	</controls>
</window>
