<?xml version="1.0" encoding="UTF-8"?>
<includes>
    <include name="HomeSubMenucd">
		<control type="image" id="90211">
			<width>53</width>
			<height>53</height>
			<texture border="0,0,0,3" flipx="true">HomeSubEnd.png</texture>
		</control>
		<control type="button" id="90109">
			<include>ButtonHomeSubCommonValues</include>
			<label>扫码登录网盘</label>
			<onclick>dialog.close(all,true)</onclick>
			<onclick condition="System.HasAddon(plugin.clouddrive2) + System.AddonIsEnabled(plugin.clouddrive2)">RunAddon(plugin.clouddrive2)</onclick>
			<onclick condition="!System.HasAddon(plugin.clouddrive2) | !System.AddonIsEnabled(plugin.clouddrive2)">activatewindowandfocus(systeminfo, 95,0)</onclick>
		</control>
		<control type="button" id="90215">
			<include>ButtonHomeSubCommonValues</include>
			<label>strm文件设置</label>
			<onclick>RunScript(special://skin/scripts/cd2strm.py,manualsync)</onclick>
		</control>
		<control type="button" id="90214">
			<include>ButtonHomeSubCommonValues</include>
			<label>自定义网盘路径</label>
			<onclick condition="!Skin.HasSetting(cd2UseCustompath)">Skin.ToggleSetting(cd2UseCustompath)</onclick>
			<onclick>Skin.SetPath(cd2Custompath)</onclick>
		</control>
		<control type="button" id="90212">
			<include>ButtonHomeSubCommonValues</include>
			<label>网盘视频</label>
			<onclick condition="!Skin.HasSetting(cd2UseCustompath)">ActivateWindow(Videos,/storage/videos/CloudNAS/CloudDrive,return)</onclick>
			<onclick condition="Skin.HasSetting(cd2UseCustompath)">ActivateWindow(Videos,$INFO[Skin.String(cd2Custompath)],return)</onclick>
		</control>
		<control type="button" id="90213">
			<include>ButtonHomeSubCommonValues</include>
			<label>网盘音乐</label>
			<onclick condition="!Skin.HasSetting(cd2UseCustompath)">ActivateWindow(music,/storage/videos/CloudNAS/CloudDrive,return)</onclick>
			<onclick condition="Skin.HasSetting(cd2UseCustompath)">ActivateWindow(music,$INFO[Skin.String(cd2Custompath)],return)</onclick>
		</control>
		<!--control type="button" id="90107">
			<include>ButtonHomeSubCommonValues</include>
			<label>24001</label>
			<onclick>ActivateWindow(Videos,Addons,return)</onclick>
		</control-->
		<control type="image" id="90218">
			<width>53</width>
			<height>53</height>
			<texture border="0,0,0,3">HomeSubEnd.png</texture>
		</control>
	</include>

	<include name="HomeSubMenuVideos">
		<control type="image" id="90101">
			<width>53</width>
			<height>53</height>
			<texture border="0,0,0,3" flipx="true">HomeSubEnd.png</texture>
		</control>
		
		<control type="button" id="90105">
			<include>ButtonHomeSubCommonValues</include>
			<label>744</label>
			<onclick>ActivateWindow(Videos,Files,return)</onclick>
		</control>
		<control type="button" id="90106">
			<include>ButtonHomeSubCommonValues</include>
			<label>分库部署</label>
			<onclick>ActivateWindow(Videos,Playlists,return)</onclick>
			
		</control>
		<control type="button" id="90109">
			<include>ButtonHomeSubCommonValues</include>
			<label>影视分库</label>
			<onclick>ActivateWindow(Favouritesbrowser)</onclick>
			<visible>!Skin.HasSetting(HomepageHideFavourite)</visible>
		</control>
		<control type="button" id="90107">
			<include>ButtonHomeSubCommonValues</include>
			<label>视频插件</label>
			<onclick>ActivateWindow(Videos,Addons,return)</onclick>
		</control>
		<control type="button" id="90102">
			<include>ButtonHomeSubCommonValues</include>
			<label>自定资料库指向</label>
			<onclick condition="!Skin.HasSetting(libraryUseCustompath)">Skin.ToggleSetting(libraryUseCustompath)</onclick>
			<onclick>Skin.SetPath(libraryCustompath)</onclick>
		</control>
		<control type="image" id="90108">
			<width>53</width>
			<height>53</height>
			<texture border="0,0,0,3">HomeSubEnd.png</texture>
		</control>
	</include>
	<include name="HomeSubMenuMovies">
		<control type="image" id="90161">
			<width>53</width>
			<height>53</height>
			<texture border="0,0,0,3" flipx="true">HomeSubEnd.png</texture>
		</control>
		<control type="button" id="90162">
			<include>ButtonHomeSubCommonValues</include>
			<label>$INFO[Container(90160).ListItemNoWrap(0).Label]</label>
			<onclick>ActivateWindow(Videos,$INFO[Container(90160).ListItemNoWrap(0).FileNameAndPath],return)</onclick>
		</control>
		<control type="button" id="90163">
			<include>ButtonHomeSubCommonValues</include>
			<label>播放记录</label>
			<onclick>ActivateWindow(Videos,special://skin/playlists/inprogress_movies.xsp,return)</onclick>					
		</control>
		<control type="button" id="90164">
			<include>ButtonHomeSubCommonValues</include>
			<label>影片类型</label>
			<onclick>ActivateWindow(Videos,$INFO[Container(90160).ListItemNoWrap(1).FileNameAndPath],return)</onclick>
			<visible>!String.IsEmpty(Container(90160).ListItemNoWrap(1).Label)</visible>
		</control>
		<control type="button" id="90165">
			<include>ButtonHomeSubCommonValues</include>
			<label>电影合集</label>
			<onclick>ActivateWindow(Videos,videodb://movies/sets/,return)</onclick>
		</control>
		<control type="button" id="90166">
			<include>ButtonHomeSubCommonValues</include>
			<label>删除所有海报</label>
			<onclick>RunScript(special://skin/scripts/clearlibrary.py)</onclick>
		</control>
		
		<!--control type="button" id="90167">
			<include>ButtonHomeSubCommonValues</include>
			<label>$INFO[Container(90160).ListItemNoWrap(5).Label]</label>
			<onclick>ActivateWindow(Videos,$INFO[Container(90160).ListItemNoWrap(5).FileNameAndPath],return)</onclick>
			<visible>!String.IsEmpty(Container(90160).ListItemNoWrap(5).Label)</visible>
		</control-->
		<control type="image" id="90168">
			<width>53</width>
			<height>53</height>
			<texture border="0,0,0,3">HomeSubEnd.png</texture>
		</control>
	</include>
	<include name="HomeSubMenuTVShows">
		<control type="image" id="90171">
			<width>53</width>
			<height>53</height>
			<texture border="0,0,0,3" flipx="true">HomeSubEnd.png</texture>
		</control>
		<control type="button" id="90172">
			<include>ButtonHomeSubCommonValues</include>
			<label>最新加入</label>
			<onclick>ActivateWindow(Videos,special://skin/playlists/recent_tvshows.xsp,return)</onclick>
		</control>
		<control type="button" id="90173">
			<include>ButtonHomeSubCommonValues</include>
			<label>$INFO[Container(90170).ListItemNoWrap(1).Label]</label>
			<onclick>ActivateWindow(Videos,$INFO[Container(90170).ListItemNoWrap(1).FileNameAndPath],return)</onclick>
			<visible>!String.IsEmpty(Container(90170).ListItemNoWrap(1).Label)</visible>
		</control>
		<control type="button" id="90174">
			<include>ButtonHomeSubCommonValues</include>
			<label>播放记录</label>
			<onclick>ActivateWindow(Videos,special://skin/playlists/Tvshows_playback_history.xsp,return)</onclick>			
		</control>
		<control type="button" id="90175">
			<include>ButtonHomeSubCommonValues</include>
			<label>剧集类型</label>
			<onclick>ActivateWindow(Videos,$INFO[Container(90170).ListItemNoWrap(2).FileNameAndPath],return)</onclick>
			<visible>!String.IsEmpty(Container(90170).ListItemNoWrap(2).Label)</visible>
		</control>
		<control type="button" id="90176">
			<include>ButtonHomeSubCommonValues</include>
			<label>删除所有海报</label>
			<onclick>RunScript(special://skin/scripts/clearlibrary.py)</onclick>
		</control>
		<!--control type="button" id="90177">
			<include>ButtonHomeSubCommonValues</include>
			<label>$INFO[Container(90170).ListItemNoWrap(5).Label]</label>
			<onclick>ActivateWindow(Videos,$INFO[Container(90170).ListItemNoWrap(5).FileNameAndPath],return)</onclick>
			<visible>!String.IsEmpty(Container(90170).ListItemNoWrap(5).Label)</visible>
		</control-->
		<control type="image" id="90178">
			<width>53</width>
			<height>53</height>
			<texture border="0,0,0,3">HomeSubEnd.png</texture>
		</control>
	</include>
	<include name="HomeSubMenuMusic">
		<control type="image" id="90111">
			<width>53</width>
			<height>53</height>
			<texture border="0,0,0,3" flipx="true">HomeSubEnd.png</texture>
		</control>
		<control type="button" id="90115">
			<include>ButtonHomeSubCommonValues</include>
			<label>文件</label>
			<onclick>ActivateWindow(music,Files,return)</onclick>
		</control>
		<control type="button" id="90112">
			<include>ButtonHomeSubCommonValues</include>
			<label>音乐视频</label>
			<onclick>ActivateWindow(Videos,videodb://musicvideos/titles/,return)</onclick>
			<visible>Skin.HasSetting(Homepageaddmusicvideo)</visible>
		</control>
		<control type="button" id="901131">
			<include>ButtonHomeSubCommonValues</include>
			<label>新加入的音乐视频</label>
			<onclick>ActivateWindow(Videos,videodb://recentlyaddedmusicvideos/,return)</onclick>
			<visible>Skin.HasSetting(Homepageaddmusicvideo)</visible>
		</control>
		<control type="button" id="901141">
			<include>ButtonHomeSubCommonValues</include>
			<label>音乐视频播放记录</label>
			<onclick>ActivateWindow(Videos,special://skin/playlists/inprogressmusicvideos.xsp,return)</onclick>
			<visible>Skin.HasSetting(Homepageaddmusicvideo)</visible>
		</control>
		<control type="button" id="90113">
			<include>ButtonHomeSubCommonValues</include>
			<label>新加入的专辑</label>
			<onclick>ActivateWindow(Music,musicdb://recentlyaddedalbums/,return)</onclick>
		</control>
		<control type="button" id="90114">
			<include>ButtonHomeSubCommonValues</include>
			<label>专辑播放记录</label>
			<onclick>ActivateWindow(Music,musicdb://recentlyplayedalbums/,return)</onclick>
		</control>
		<control type="button" id="90116">
			<include>ButtonHomeSubCommonValues</include>
			<label>歌手</label>
			<onclick>ActivateWindow(Music,musicdb://artists/,return)</onclick>
			<visible>!Skin.HasSetting(Homepageaddmusicvideo)</visible>
		</control>
		<control type="button" id="90117">
			<include>ButtonHomeSubCommonValues</include>
			<label>单曲</label>
			<onclick>ActivateWindow(Music,musicdb://songs/,return)</onclick>
			<visible>!Skin.HasSetting(Homepageaddmusicvideo)</visible>
		</control>
		<control type="image" id="90119">
			<width>53</width>
			<height>53</height>
			<texture border="0,0,0,3">HomeSubEnd.png</texture>
		</control>
	</include>
	<include name="HomeSubMenuSystem">
		<control type="image" id="90121">
			<width>53</width>
			<height>53</height>
			<texture border="0,0,0,3" flipx="true">HomeSubEnd.png</texture>
		</control>
		<!--control type="button" id="90122">
			<include>ButtonHomeSubCommonValues</include>
			<label>5</label>
			<onclick>ActivateWindow(Settings)</onclick>
		</control-->
		<control type="button" id="90120">
			<include>ButtonHomeSubCommonValues</include>
			<label>LibreELEC</label>
			<onclick>RunAddon(service.libreelec.settings)</onclick>
			<visible>System.AddonIsEnabled(service.libreelec.settings)</visible>
		</control>
		<control type="button" id="90124">
			<include>ButtonHomeSubCommonValues</include>
			<label>关机菜单</label>
			<onclick>ActivateWindow(ShutdownMenu)</onclick>
			<visible>true</visible>
		</control>
		<control type="button" id="90400">
			<include>ButtonHomeSubCommonValues</include>
			<label>[COLOR FFFF6B4A]CoreELEC[/COLOR]</label>
			<onclick>RunAddon(service.coreelec.settings)</onclick>
			<visible>System.AddonIsEnabled(service.coreelec.settings)</visible>
		</control>
		<control type="button" id="90123">
			<include>ButtonHomeSubCommonValues</include>
			<label>7</label>
			<onclick>ActivateWindow(FileManager)</onclick>
		</control>
		<!--control type="button" id="90124">
			<include>ButtonHomeSubCommonValues</include>
			<label>13200</label>
			<onclick>ActivateWindow(Profiles)</onclick>
		</control-->
		<control type="button" id="90125">
			<include>ButtonHomeSubCommonValues</include>
			<label>130</label>
			<onclick>ActivateWindow(SystemInfo)</onclick>
		</control>
		<control type="button" id="90126">
			<include>ButtonHomeSubCommonValues</include>
			<label>14111</label>
			<onclick>ActivateWindow(EventLog,events://,return)</onclick>
			<visible>system.getbool(eventlog.enabled)</visible>
		</control>
		<control type="image" id="90127">
			<width>53</width>
			<height>53</height>
			<texture border="0,0,0,3">HomeSubEnd.png</texture>
		</control>
	</include>
	<include name="HomeSubMenuPlayDisc">
		<control type="image" id="90131">
			<width>53</width>
			<height>53</height>
			<texture border="0,0,0,3" flipx="true">HomeSubEnd.png</texture>
		</control>
		<control type="button" id="90132">
			<include>ButtonHomeSubCommonValues</include>
			<label>13391</label>
			<onclick>SetFocus(9000)</onclick>
			<onclick>EjectTray()</onclick>
		</control>
		<control type="button" id="90133">
			<include>ButtonHomeSubCommonValues</include>
			<label>600</label>
			<onclick>RipCD</onclick>
			<visible>System.HasMediaAudioCD</visible>
		</control>
		<control type="image" id="90134">
			<width>53</width>
			<height>53</height>
			<texture border="0,0,0,3">HomeSubEnd.png</texture>
		</control>
	</include>
	<include name="HomeSubMenulan">
		<control type="image" id="90151">
			<width>53</width>
			<height>53</height>
			<texture border="0,0,0,3" flipx="true">HomeSubEnd.png</texture>
		</control>
		<control type="button" id="90152">
			<include>ButtonHomeSubCommonValues</include>
			<label>本地SMB网络</label>
			<onclick>ActivateWindow(Videos,SMB://,return)</onclick>
		</control>
		<control type="button" id="90153">
			<include>ButtonHomeSubCommonValues</include>
			<label>本地NFS网络</label>
			<onclick>ActivateWindow(Videos,NFS://,return)</onclick>
		</control>
		<control type="button" id="90156">
			<include>ButtonHomeSubCommonValues</include>
			<label>添加网络位置</label>
			<onclick>RunScript(special://skin/scripts/networksetup.py)</onclick>
		</control>
		<control type="button" id="90155">
			<include>ButtonHomeSubCommonValues</include>
			<label>自定本地网络路径</label>
			<onclick condition="!Skin.HasSetting(lanUseCustompath)">Skin.ToggleSetting(lanUseCustompath)</onclick>
			<onclick>Skin.SetPath(lanCustompath)</onclick>
		</control>
		<control type="image" id="90154">
			<width>53</width>
			<height>53</height>
			<texture border="0,0,0,3">HomeSubEnd.png</texture>
		</control>
	</include>
	<include name="HomeSubMenuTV">
		<control type="image" id="90141">
			<width>53</width>
			<height>53</height>
			<texture border="0,0,0,3" flipx="true">HomeSubEnd.png</texture>
		</control>
		<control type="button" id="90143">
			<include>ButtonHomeSubCommonValues</include>
			<label>19019</label>
			<onclick>ActivateWindow(TVChannels)</onclick>
		</control>
		<control type="button" id="90144">
			<include>ButtonHomeSubCommonValues</include>
			<label>22020</label>
			<onclick>ActivateWindow(TVGuide)</onclick>
		</control>
		<!--control type="button" id="90146">
			<include>ButtonHomeSubCommonValues</include>
			<label>19138</label>
			<onclick>ActivateWindow(TVTimerRules)</onclick>
		</control>
		<control type="button" id="90147">
			<include>ButtonHomeSubCommonValues</include>
			<label>19040</label>
			<onclick>ActivateWindow(TVTimers)</onclick>
		</control-->
		<control type="button" id="90148">
			<include>ButtonHomeSubCommonValues</include>
			<label>137</label>
			<onclick>ActivateWindow(TVSearch)</onclick>
		</control>
		<control type="button" id="90145">
			<include>ButtonHomeSubCommonValues</include>
			<label>设置直播源</label>
			<onclick>Addon.OpenSettings(pvr.iptvsimple)</onclick>
		</control>
		<control type="image" id="90149">
			<width>53</width>
			<height>53</height>
			<texture border="0,0,0,3">HomeSubEnd.png</texture>
		</control>
	</include>
	<include name="HomeSubMenuRadio">
		<control type="image" id="90611">
			<width>53</width>
			<height>53</height>
			<texture border="0,0,0,3" flipx="true">HomeSubEnd.png</texture>
		</control>
		<control type="button" id="90613">
			<include>ButtonHomeSubCommonValues</include>
			<label>本地硬盘浏览视频</label>
			<onclick>ActivateWindow(Videos,/var/media,return)</onclick>
		</control>
		<control type="button" id="90614">
			<include>ButtonHomeSubCommonValues</include>
			<label>本地硬盘浏览音乐</label>
			<onclick>ActivateWindow(music,/var/media,return)</onclick>
		</control>
		<control type="image" id="90615">
			<width>53</width>
			<height>53</height>
			<texture border="0,0,0,3">HomeSubEnd.png</texture>
		</control>
	</include>
	<include name="HomeSubMenuAddons">
		<control type="image" id="90301">
			<width>53</width>
			<height>53</height>
			<texture border="0,0,0,3" flipx="true">HomeSubEnd.png</texture>
		</control>
		<control type="button" id="90302">
			<include>ButtonHomeSubCommonValues</include>
			<label>24998</label>
			<onclick>ActivateWindow(addonbrowser,addons://user,return)</onclick>
		</control>
		<control type="button" id="90303">
			<include>ButtonHomeSubCommonValues</include>
			<label>24033</label>
			<onclick>ActivateWindow(addonbrowser,addons://repos/,return)</onclick>
		</control>
		<control type="button" id="90304">
			<include>ButtonHomeSubCommonValues</include>
			<label>24041</label>
			<onclick>InstallFromZip</onclick>
		</control>
		<control type="button" id="90305">
			<include>ButtonHomeSubCommonValues</include>
			<label>137</label>
			<onclick>ActivateWindow(addonbrowser,addons://search,return)</onclick>
		</control>
		<control type="image" id="90306">
			<width>53</width>
			<height>53</height>
			<texture border="0,0,0,3">HomeSubEnd.png</texture>
		</control>
	</include>
	<include name="HomeAddonItemsVideos">
		<item>
			<label>$INFO[system.addontitle(Skin.String(HomeVideosButton1))]</label>
			<onclick>RunAddon($INFO[Skin.String(HomeVideosButton1)])</onclick>
			<icon>$INFO[system.addonicon(Skin.String(HomeVideosButton1))]</icon>
			<thumb />
			<visible>!String.IsEmpty(Skin.String(HomeVideosButton1))</visible>
		</item>
		<item>
			<label>$INFO[system.addontitle(Skin.String(HomeVideosButton2))]</label>
			<onclick>RunAddon($INFO[Skin.String(HomeVideosButton2)])</onclick>
			<icon>$INFO[system.addonicon(Skin.String(HomeVideosButton2))]</icon>
			<thumb />
			<visible>!String.IsEmpty(Skin.String(HomeVideosButton2))</visible>
		</item>
		<item>
			<label>$INFO[system.addontitle(Skin.String(HomeVideosButton3))]</label>
			<onclick>RunAddon($INFO[Skin.String(HomeVideosButton3)])</onclick>
			<icon>$INFO[system.addonicon(Skin.String(HomeVideosButton3))]</icon>
			<thumb />
			<visible>!String.IsEmpty(Skin.String(HomeVideosButton3))</visible>
		</item>
		<item>
			<label>$INFO[system.addontitle(Skin.String(HomeVideosButton4))]</label>
			<onclick>RunAddon($INFO[Skin.String(HomeVideosButton4)])</onclick>
			<icon>$INFO[system.addonicon(Skin.String(HomeVideosButton4))]</icon>
			<thumb />
			<visible>!String.IsEmpty(Skin.String(HomeVideosButton4))</visible>
		</item>
		<item>
			<label>$INFO[system.addontitle(Skin.String(HomeVideosButton5))]</label>
			<onclick>RunAddon($INFO[Skin.String(HomeVideosButton5)])</onclick>
			<icon>$INFO[system.addonicon(Skin.String(HomeVideosButton5))]</icon>
			<thumb />
			<visible>!String.IsEmpty(Skin.String(HomeVideosButton5))</visible>
		</item>
	</include>
	<include name="HomeAddonItemsMusic">
		<item>
			<label>$INFO[system.addontitle(Skin.String(HomeMusicButton1))]</label>
			<onclick>RunAddon($INFO[Skin.String(HomeMusicButton1)])</onclick>
			<icon>$INFO[system.addonicon(Skin.String(HomeMusicButton1))]</icon>
			<thumb />
			<visible>!String.IsEmpty(Skin.String(HomeMusicButton1))</visible>
		</item>
		<item>
			<label>$INFO[system.addontitle(Skin.String(HomeMusicButton2))]</label>
			<onclick>RunAddon($INFO[Skin.String(HomeMusicButton2)])</onclick>
			<icon>$INFO[system.addonicon(Skin.String(HomeMusicButton2))]</icon>
			<thumb />
			<visible>!String.IsEmpty(Skin.String(HomeMusicButton2))</visible>
		</item>
		<item>
			<label>$INFO[system.addontitle(Skin.String(HomeMusicButton3))]</label>
			<onclick>RunAddon($INFO[Skin.String(HomeMusicButton3)])</onclick>
			<icon>$INFO[system.addonicon(Skin.String(HomeMusicButton3))]</icon>
			<thumb />
			<visible>!String.IsEmpty(Skin.String(HomeMusicButton3))</visible>
		</item>
		<item>
			<label>$INFO[system.addontitle(Skin.String(HomeMusicButton4))]</label>
			<onclick>RunAddon($INFO[Skin.String(HomeMusicButton4)])</onclick>
			<icon>$INFO[system.addonicon(Skin.String(HomeMusicButton4))]</icon>
			<thumb />
			<visible>!String.IsEmpty(Skin.String(HomeMusicButton4))</visible>
		</item>
		<item>
			<label>$INFO[system.addontitle(Skin.String(HomeMusicButton5))]</label>
			<onclick>RunAddon($INFO[Skin.String(HomeMusicButton5)])</onclick>
			<icon>$INFO[system.addonicon(Skin.String(HomeMusicButton5))]</icon>
			<thumb />
			<visible>!String.IsEmpty(Skin.String(HomeMusicButton5))</visible>
		</item>
	</include>
	<include name="HomeAddonItemsPictures">
		<item>
			<label>$INFO[system.addontitle(Skin.String(HomePictureButton1))]</label>
			<onclick>RunAddon($INFO[Skin.String(HomePictureButton1)])</onclick>
			<icon>$INFO[system.addonicon(Skin.String(HomePictureButton1))]</icon>
			<thumb />
			<visible>!String.IsEmpty(Skin.String(HomePictureButton1))</visible>
		</item>
		<item>
			<label>$INFO[system.addontitle(Skin.String(HomePictureButton2))]</label>
			<onclick>RunAddon($INFO[Skin.String(HomePictureButton2)])</onclick>
			<icon>$INFO[system.addonicon(Skin.String(HomePictureButton2))]</icon>
			<thumb />
			<visible>!String.IsEmpty(Skin.String(HomePictureButton2))</visible>
		</item>
		<item>
			<label>$INFO[system.addontitle(Skin.String(HomePictureButton3))]</label>
			<onclick>RunAddon($INFO[Skin.String(HomePictureButton3)])</onclick>
			<icon>$INFO[system.addonicon(Skin.String(HomePictureButton3))]</icon>
			<thumb />
			<visible>!String.IsEmpty(Skin.String(HomePictureButton3))</visible>
		</item>
		<item>
			<label>$INFO[system.addontitle(Skin.String(HomePictureButton4))]</label>
			<onclick>RunAddon($INFO[Skin.String(HomePictureButton4)])</onclick>
			<icon>$INFO[system.addonicon(Skin.String(HomePictureButton4))]</icon>
			<thumb />
			<visible>!String.IsEmpty(Skin.String(HomePictureButton4))</visible>
		</item>
		<item>
			<label>$INFO[system.addontitle(Skin.String(HomePictureButton5))]</label>
			<onclick>RunAddon($INFO[Skin.String(HomePictureButton5)])</onclick>
			<icon>$INFO[system.addonicon(Skin.String(HomePictureButton5))]</icon>
			<thumb />
			<visible>!String.IsEmpty(Skin.String(HomePictureButton5))</visible>
		</item>
	</include>
	<include name="HomeAddonItemsPrograms">
		<item>
			<label>$INFO[system.addontitle(Skin.String(HomeProgramButton1))]</label>
			<onclick>RunAddon($INFO[Skin.String(HomeProgramButton1)])</onclick>
			<icon>$INFO[system.addonicon(Skin.String(HomeProgramButton1))]</icon>
			<thumb />
			<visible>!String.IsEmpty(Skin.String(HomeProgramButton1))</visible>
		</item>
		<item>
			<label>$INFO[system.addontitle(Skin.String(HomeProgramButton2))]</label>
			<onclick>RunAddon($INFO[Skin.String(HomeProgramButton2)])</onclick>
			<icon>$INFO[system.addonicon(Skin.String(HomeProgramButton2))]</icon>
			<thumb />
			<visible>!String.IsEmpty(Skin.String(HomeProgramButton2))</visible>
		</item>
		<item>
			<label>$INFO[system.addontitle(Skin.String(HomeProgramButton3))]</label>
			<onclick>RunAddon($INFO[Skin.String(HomeProgramButton3)])</onclick>
			<icon>$INFO[system.addonicon(Skin.String(HomeProgramButton3))]</icon>
			<thumb />
			<visible>!String.IsEmpty(Skin.String(HomeProgramButton3))</visible>
		</item>
		<item>
			<label>$INFO[system.addontitle(Skin.String(HomeProgramButton4))]</label>
			<onclick>RunAddon($INFO[Skin.String(HomeProgramButton4)])</onclick>
			<icon>$INFO[system.addonicon(Skin.String(HomeProgramButton4))]</icon>
			<thumb />
			<visible>!String.IsEmpty(Skin.String(HomeProgramButton4))</visible>
		</item>
		<item>
			<label>$INFO[system.addontitle(Skin.String(HomeProgramButton5))]</label>
			<onclick>RunAddon($INFO[Skin.String(HomeProgramButton5)])</onclick>
			<icon>$INFO[system.addonicon(Skin.String(HomeProgramButton5))]</icon>
			<thumb />
			<visible>!String.IsEmpty(Skin.String(HomeProgramButton5))</visible>
		</item>
	</include>
	<include name="HomeAddonItemsGames">
		<item>
			<label>$INFO[system.addontitle(Skin.String(HomeGameButton1))]</label>
			<onclick>RunAddon($INFO[Skin.String(HomeGameButton1)])</onclick>
			<icon>$INFO[system.addonicon(Skin.String(HomeGameButton1))]</icon>
			<thumb />
			<visible>!String.IsEmpty(Skin.String(HomeGameButton1))</visible>
		</item>
		<item>
			<label>$INFO[system.addontitle(Skin.String(HomeGameButton2))]</label>
			<onclick>RunAddon($INFO[Skin.String(HomeGameButton2)])</onclick>
			<icon>$INFO[system.addonicon(Skin.String(HomeGameButton2))]</icon>
			<thumb />
			<visible>!String.IsEmpty(Skin.String(HomeGameButton2))</visible>
		</item>
		<item>
			<label>$INFO[system.addontitle(Skin.String(HomeGameButton3))]</label>
			<onclick>RunAddon($INFO[Skin.String(HomeGameButton3)])</onclick>
			<icon>$INFO[system.addonicon(Skin.String(HomeGameButton3))]</icon>
			<thumb />
			<visible>!String.IsEmpty(Skin.String(HomeGameButton3))</visible>
		</item>
		<item>
			<label>$INFO[system.addontitle(Skin.String(HomeGameButton4))]</label>
			<onclick>RunAddon($INFO[Skin.String(HomeGameButton4)])</onclick>
			<icon>$INFO[system.addonicon(Skin.String(HomeGameButton4))]</icon>
			<thumb />
			<visible>!String.IsEmpty(Skin.String(HomeGameButton4))</visible>
		</item>
		<item>
			<label>$INFO[system.addontitle(Skin.String(HomeGameButton5))]</label>
			<onclick>RunAddon($INFO[Skin.String(HomeGameButton5)])</onclick>
			<icon>$INFO[system.addonicon(Skin.String(HomeGameButton5))]</icon>
			<thumb />
			<visible>!String.IsEmpty(Skin.String(HomeGameButton5))</visible>
		</item>
	</include>
</includes>
