<?xml version="1.0" encoding="UTF-8"?>
<window>
	<defaultcontrol />
	<depth>DepthOSD+</depth>
	<coordinates>
		<left>0</left>
		<top>0</top>
	</coordinates>
	<controls>
		<!-- view mode, sizing, screen resolution -->
		<control type="group" id="0">
			<depth>DepthOSD+</depth>
			<include>1140Animation</include>
			<left>0</left>
			<top>30</top>
			<animation effect="fade" time="150">VisibleChange</animation>
			<control type="image">
				<description>media info background image</description>
				<left>0</left>
				<top>0</top>
				<width>1920</width>
				<height>240</height>
				<texture>black-back.png</texture>
			</control>
			<control type="label" id="10">
				<description>row 1 label</description>
				<left>75</left>
				<top>15</top>
				<width>1770</width>
				<height>45</height>
				<align>left</align>
				<aligny>center</aligny>
				<font>font12</font>
				<label />
			</control>
			<control type="label" id="11">
				<description>row 2 label</description>
				<left>75</left>
				<top>83</top>
				<width>1770</width>
				<height>45</height>
				<align>left</align>
				<aligny>center</aligny>
				<font>font12</font>
				<label />
			</control>
			<control type="label" id="12">
				<description>row 3 label</description>
				<left>75</left>
				<top>150</top>
				<width>1770</width>
				<height>68</height>
				<align>left</align>
				<aligny>center</aligny>
				<font>font12</font>
				<label />
			</control>
		</control>
		<!-- media infos -->
		<control type="group" id="1">
			<depth>DepthOSD</depth>
			<include>1140Animation</include>
			<visible>[Player.ShowInfo | Window.IsActive(VideoOSD)] + ![Window.IsVisible(OSDSubtitleSettings) | Window.IsVisible(OSDVideoSettings) | Window.IsVisible(OSDAudioSettings) | Window.IsVisible(off-VideoBookmarks) | Window.IsVisible(PVROSDChannels) | Window.IsVisible(PVRChannelGuide) | Window.IsVisible(SliderDialog)]</visible>
			<animation effect="fade" time="150">VisibleChange</animation>
			<control type="image" id="1">
				<left>-30</left>
				<top>-225</top>
				<width>1980</width>
				<height>384</height>
				<texture flipy="true" border="1" colordiffuse="$VAR[transselect1]">HomeNowPlayingBack.png</texture>
			</control>
			<control type="label" id="1">
				<description>Chapter Count Header label</description>
				<left>45</left>
				<top>8</top>
				<width>1500</width>
				<height>38</height>
				<align>left</align>
				<aligny>center</aligny>
				<font>font13</font>
				<textcolor>white</textcolor>
				<shadowcolor>black</shadowcolor>
				<label>$INFO[Player.Chapter,$LOCALIZE[21396]: ]$INFO[Player.ChapterCount, / ]$INFO[Player.ChapterName,[COLOR=grey] - (,)[/COLOR]]</label>
				<visible>Player.ChapterCount + !VideoPlayer.Content(LiveTV)</visible>
			</control>
			<control type="label" id="1">
				<description>Channel Group label</description>
				<left>45</left>
				<top>8</top>
				<width>1500</width>
				<height>38</height>
				<align>left</align>
				<aligny>center</aligny>
				<font>font13</font>
				<textcolor>white</textcolor>
				<shadowcolor>black</shadowcolor>
				<label>$INFO[VideoPlayer.ChannelGroup,$LOCALIZE[31509]: ]</label>
				<visible>VideoPlayer.Content(LiveTV)</visible>
			</control>
			<control type="label" id="1">
				<description>Clock label</description>
				<left>675</left>
				<top>8</top>
				<width>1200</width>
				<height>38</height>
				<align>right</align>
				<aligny>center</aligny>
				<font>font13</font>
				<textcolor>white</textcolor>
				<shadowcolor>black</shadowcolor>
				<label>$INFO[System.Time]</label>
				<animation effect="slide" start="0,0" end="-45,0" time="0" condition="Player.Muted">conditional</animation>
				<animation effect="slide" start="0,0" end="-105,0" time="0" condition="system.getbool(input.enablemouse) + Window.IsVisible(VideoOSD)">conditional</animation>
			</control>
			<control type="image" id="1">
				<left>-30</left>
				<top>345r</top>
				<width>1980</width>
				<height>345</height>
				<texture border="1" colordiffuse="$VAR[transselect1]">HomeNowPlayingBack.png</texture>
			</control>
			<control type="image" id="1">
				<depth>DepthOSDPopout</depth>
				<description>cover image</description>
				<left>68</left>
				<top>580</top>
				<width>380</width>
				<height>480</height>
				<texture fallback="DefaultVideoCover.png">$VAR[NowPlayingThumb]</texture>
				<aspectratio aligny="bottom">keep</aspectratio>
				<bordertexture infill="false" border="8">ThumbShadow.png</bordertexture>
				<bordersize>8</bordersize>
				<visible>[String.IsEmpty(Player.Art(poster)) + String.IsEmpty(Player.Art(tvshow.poster))] | Skin.HasSetting(posterinplaypage)</visible>
				<visible>!VideoPlayer.Content(LiveTV)</visible>
			</control>
			<control type="group" id="1">
			 <depth>DepthOSDPopout</depth>
				<left>80</left>
				<top>710</top>
				<width>350</width>
				<height>350</height>
				<visible>!String.IsEmpty(Player.Art(poster)) | !String.IsEmpty(Player.Art(tvshow.poster))</visible>
				<visible>!Skin.HasSetting(posterinplaypage)</visible>
				<animation effect="rotate" start="0" end="-360" center="auto" time="8000" loop="true" condition="true">conditional</animation>
			<control type="image" id="1" >
			<depth>DepthOSDPopout</depth>
				  <texture background="true">$INFO[Player.Art(discart)]</texture>
                  </control>
				  <control type="image" id="1">
				  <depth>DepthOSDPopout</depth>
				  <visible>String.IsEmpty(Player.Art(discart))</visible>
						<aspectratio scalediffuse="false" aligny="top">stretch</aspectratio>
						<texture background="true" diffuse="cdart/sets/cdart-mask.png">$VAR[NowPlayingThumb]</texture>
					</control>
					<control type="image" id="1">
					<depth>DepthOSDPopout</depth>
					    <visible>String.IsEmpty(Player.Art(discart))</visible>
						<texture>cdart/sets/cdarttop.png</texture>
						<visible>!String.IsEmpty($VAR(NowPlayingThumb))</visible>
					</control>
					</control>
			<control type="group" id="1">
			<left>10</left>
			<top>60</top>
			<include>VisibleFadeEffect</include>
			<control type="image" id="1">
				<left>0</left>
				<top>0</top>
				<width>1500</width>
				<height>150</height>
				<aspectratio align="left">keep</aspectratio>
				<texture>$VAR[player_Clearlogo]</texture>
			</control>
			</control>
			<!--control type="image" id="1">
				<depth>DepthOSDPopout</depth>
				<description>Movie cover image</description>
				<left>68</left>
				<top>580</top>
				<width>380</width>
				<height>480</height>
				<texture fallback="DefaultVideoCover.png">$VAR[NowPlayingThumb]</texture>
				<aspectratio aligny="bottom">scale</aspectratio>
				<bordertexture infill="false" border="8">ThumbShadow.png</bordertexture>
				<bordersize>8</bordersize>
				<visible>!VideoPlayer.Content(LiveTV)</visible>
			</control-->
			<control type="image" id="1">
				<depth>DepthOSDPopout</depth>
				<description>PIcon image</description>
				<left>30</left>
				<top>300r</top>
				<width>450</width>
				<height>225</height>
				<texture fallback="DefaultVideoCover.png">$INFO[Player.Art(thumb)]</texture>
				<aspectratio aligny="center">keep</aspectratio>
				<visible>VideoPlayer.Content(LiveTV)</visible>
			</control>
			<control type="group" id="1">
				<left>495</left>
				<top>278r</top>
				<control type="label" id="1">
					<description>Heading label</description>
					<left>0</left>
					<top>0</top>
					<width>1365</width>
					<height>38</height>
					<align>left</align>
					<aligny>center</aligny>
					<font>font13</font>
					<label>$LOCALIZE[31040]</label>
					<textcolor>white</textcolor>
					<shadowcolor>black</shadowcolor>
					<visible>![VideoPlayer.Content(LiveTV) + [PVR.IsRecordingPlayingChannel | PVR.IsPlayingActiveRecording]]</visible>
					<animation effect="slide" start="0,0" end="0,38" time="0" condition="!VideoPlayer.Content(Movies) + !VideoPlayer.Content(Episodes) + !VideoPlayer.Content(MusicVideos) + !VideoPlayer.Content(LiveTV) + !PVR.IsPlayingRecording">conditional</animation>
				</control>
				<control type="image" id="1">
					<top>0</top>
					<width>75</width>
					<height>38</height>
					<aspectratio align="center" aligny="center">keep</aspectratio>
					<texture>PVR-IsRecording.png</texture>
					<visible>VideoPlayer.Content(LiveTV) + [[PVR.IsRecordingPlayingChannel + !Player.ChannelPreviewActive] | PVR.IsPlayingActiveRecording]</visible>
				</control>
				<control type="label" id="1">
					<description>Heading label</description>
					<left>75</left>
					<top>0</top>
					<width>1290</width>
					<height>38</height>
					<align>left</align>
					<aligny>center</aligny>
					<font>font13</font>
					<label>$LOCALIZE[19158]</label>
					<textcolor>white</textcolor>
					<shadowcolor>black</shadowcolor>
					<visible>VideoPlayer.Content(LiveTV) + [[PVR.IsRecordingPlayingChannel + !Player.ChannelPreviewActive] | PVR.IsPlayingActiveRecording]</visible>
				</control>
				<control type="label" id="1">
					<description>Studio label</description>
					<left>30</left>
					<top>45</top>
					<width>auto</width>
					<height>38</height>
					<align>left</align>
					<font>font12</font>
					<label>$INFO[VideoPlayer.Studio]</label>
					<textcolor>grey2</textcolor>
					<shadowcolor>black</shadowcolor>
					<visible>VideoPlayer.Content(Movies)</visible>
				</control>
				<control type="label" id="1">
					<description>TV Show label</description>
					<left>30</left>
					<top>45</top>
					<width>1365</width>
					<height>38</height>
					<align>left</align>
					<font>font12</font>
					<label>$INFO[VideoPlayer.TVShowTitle] ($INFO[VideoPlayer.Season,,x]$INFO[VideoPlayer.Episode])</label>
					<textcolor>grey2</textcolor>
					<shadowcolor>black</shadowcolor>
					<visible>VideoPlayer.Content(Episodes)</visible>
				</control>
				<control type="label" id="1">
					<description>Music Info label</description>
					<left>30</left>
					<top>45</top>
					<width>1365</width>
					<height>38</height>
					<align>left</align>
					<font>font12</font>
					<label>$INFO[VideoPlayer.Artist] $INFO[VideoPlayer.Album, - ]</label>
					<textcolor>grey2</textcolor>
					<shadowcolor>black</shadowcolor>
					<visible>VideoPlayer.Content(MusicVideos)</visible>
				</control>
				<control type="label" id="1">
					<description>LiveTV Info label</description>
					<left>30</left>
					<top>45</top>
					<width>1365</width>
					<height>38</height>
					<align>left</align>
					<font>font12</font>
					<label>$INFO[VideoPlayer.ChannelNumberLabel,([COLOR=blue],[/COLOR]) ]$INFO[VideoPlayer.ChannelName]$INFO[VideoPlayer.EpisodeName, (,)]</label>
					<textcolor>grey2</textcolor>
					<shadowcolor>black</shadowcolor>
					<visible>VideoPlayer.Content(LiveTV) | PVR.IsPlayingRecording</visible>
				</control>
				
				<control type="grouplist" id="1">
					<left>0</left>
					<top>90</top>
					<width>1390</width>
					<height>53</height>
					<itemgap>6</itemgap>
					<orientation>horizontal</orientation>
					 <usecontrolcoords>true</usecontrolcoords>
					<control type="label" id="1">
						<left>0</left>
						<top>-2</top>
						<width min="15" max="495">auto</width>
						<height>45</height>
						<font>font28_title</font>
						<align>left</align>
						<aligny>bottom</aligny>
						<label>$INFO[Player.Title]</label>
						<textcolor>orange</textcolor>
						<scroll>true</scroll>
						<scrollspeed>30</scrollspeed>
					</control>
					<control type="image" id="1">
						<description>Video Resolution Image</description>
						<width>58</width>
						<height>40</height>
						<aspectratio align="center">keep</aspectratio>
						 <texture fallback="flagging/video/fallback.png" >$VAR[playertypeflagging,flagging/video/,.png]</texture>	
						<visible>!String.IsEqual($VAR(playertypeflagging),none)</visible>
					</control>
					<control type="image" id="1">
						<description>Video Resolution Image</description>
						<width>58</width>
						<height>40</height>
						<aspectratio align="center">keep</aspectratio>
						<texture>$INFO[VideoPlayer.VideoResolution,flagging/video/,.png]</texture>
						<visible>!String.IsEmpty(VideoPlayer.VideoResolution)</visible>
					</control>
					<control type="image" id="1">
						<description>Video Resolution Image</description>
						<width min="58" max="104">auto</width>
						<height>40</height>
						<aspectratio align="center">keep</aspectratio>
						<texture>$INFO[VideoPlayer.VideoCodec,flagging/video/,.png]</texture>
						<visible>!String.IsEmpty(VideoPlayer.VideoCodec)</visible>
					</control>
					<!--control type="label" id="1">
						<description>Video Resolution Image</description>
						<width min="58" max="300">auto</width>
						<height>40</height>
						<label>$INFO[VideoPlayer.VideoCodec]</label>
						<visible>!String.IsEmpty(VideoPlayer.VideoCodec)</visible>
					</control-->
					<control type="group" id="1">
					        <width>92</width>
							<height>40</height>
						<control type="image" id="1">
							<width>92</width>
							<height>40</height>
							<aspectratio align="left">stretch</aspectratio>
							<texture>flagging/video/SDR.png</texture>
							<visible>String.IsEqual(Player.Process(video.source.hdr.type.raw), 0) + String.Contains(Player.Process(amlogic.vs10.mode),Bypass)</visible>
						</control>
						<control type="image" id="1">
							<width>92</width>
							<height>40</height>
							<aspectratio align="left">stretch</aspectratio>
							<texture>flagging/video/HDR10.png</texture>
							<visible>String.IsEqual(Player.Process(video.source.hdr.type.raw), 1) + String.Contains(Player.Process(amlogic.vs10.mode),Bypass)</visible>
						</control>
						<control type="image" id="1">
							<width>92</width>
							<height>40</height>
							<aspectratio align="left">stretch</aspectratio>
							<texture>flagging/video/hdr10plus.png</texture>
							<visible>String.IsEqual(Player.Process(video.source.hdr.type.raw), 2) + String.Contains(Player.Process(amlogic.vs10.mode),Bypass)</visible>
						</control>
						<control type="image" id="1">
							<width>92</width>
							<height>40</height>
							<aspectratio align="left">stretch</aspectratio>
							<texture>flagging/video/hdr10plus.png</texture>
							<visible>String.IsEqual(Player.Process(video.source.hdr.type.raw), 3) + String.Contains(Player.Process(amlogic.vs10.mode),Bypass)</visible>
						</control>
						<control type="image" id="1">
							<width>92</width>
							<height>40</height>
							<aspectratio align="left">stretch</aspectratio>
							<texture>flagging/video/hlg.png</texture>
							<visible>String.IsEqual(Player.Process(video.source.hdr.type.raw), 4) + String.Contains(Player.Process(amlogic.vs10.mode),Bypass)</visible>
						</control>
						<control type="image" id="1">
							<width>92</width>
							<height>40</height>
							<aspectratio align="left">stretch</aspectratio>
							<texture>flagging/video/sdr.png</texture>
							<visible>String.Contains(Player.Process(amlogic.vs10.mode),SDR)</visible>
						</control>
						<control type="image" id="1">
							<width>92</width>
							<height>40</height>
							<aspectratio align="left">stretch</aspectratio>
							<texture>flagging/video/hdr10.png</texture>
							<visible>String.Contains(Player.Process(amlogic.vs10.mode),HDR10)</visible>
						</control>
						<control type="image" id="1">
							<width>92</width>
							<height>40</height>
							<aspectratio align="left">stretch</aspectratio>
							<texture>flagging/video/hdr10plus.png</texture>
							<visible>String.IsEqual(Player.Process(video.source.hdr.type.raw), 2) + !String.Contains(Player.Process(amlogic.vs10.mode),Dolby Vision)</visible>
						</control>
						<control type="image" id="1">
							<width>92</width>
							<height>40</height>
							<aspectratio align="left">stretch</aspectratio>
							<texture>flagging/video/dolbyvision.png</texture>
							<visible>String.IsEqual(Player.Process(video.source.hdr.type.raw), 2) + String.Contains(Player.Process(amlogic.vs10.mode),Dolby Vision)</visible>
						</control>
						<control type="image" id="1">
							<width>92</width>
							<height>40</height>
							<aspectratio align="left">stretch</aspectratio>
							<texture>flagging/video/dolbyvision.png</texture>
							<visible>String.Contains(Player.Process(amlogic.vs10.mode),Dolby Vision)</visible>
						</control>
						<control type="image" id="1">
							<width>92</width>
							<height>40</height>
							<aspectratio align="left">stretch</aspectratio>
							<texture>flagging/video/hdrfallback.png</texture>
							<visible>![String.Contains(Player.Process(amlogic.vs10.mode),Dolby Vision) | [String.IsEqual(Player.Process(video.source.hdr.type.raw), 0) + String.Contains(Player.Process(amlogic.vs10.mode),Bypass)] | [String.IsEqual(Player.Process(video.source.hdr.type.raw), 1) + String.Contains(Player.Process(amlogic.vs10.mode),Bypass)] | [String.IsEqual(Player.Process(video.source.hdr.type.raw), 2) + String.Contains(Player.Process(amlogic.vs10.mode),Bypass)] | [String.IsEqual(Player.Process(video.source.hdr.type.raw), 3) + String.Contains(Player.Process(amlogic.vs10.mode),Bypass)] | [String.IsEqual(Player.Process(video.source.hdr.type.raw), 4) + String.Contains(Player.Process(amlogic.vs10.mode),Bypass)] | String.Contains(Player.Process(amlogic.vs10.mode),SDR) | String.Contains(Player.Process(amlogic.vs10.mode),HDR10) | [String.IsEqual(Player.Process(video.source.hdr.type.raw), 2) + !String.Contains(Player.Process(amlogic.vs10.mode),Dolby Vision)] | [String.IsEqual(Player.Process(video.source.hdr.type.raw), 2) + String.Contains(Player.Process(amlogic.vs10.mode),Dolby Vision)] | String.Contains(Player.Process(amlogic.vs10.mode),Dolby Vision)]</visible>
						</control>
					</control>
					<!--control type="image" id="1">
						<description>Codec Image</description>
						<width min="58" max="92">auto</width>
						<height>40</height>
						<aspectratio align="left">stretch</aspectratio>
						<texture>$INFO[VideoPlayer.HdrType,flagging/video/,.png]</texture>
						<visible>!Player.ChannelPreviewActive + !String.IsEmpty(VideoPlayer.HdrType)</visible>
					</control-->
					<control type="image" id="1">
						<description>Video Resolution Image</description>
						<width>86</width>
						<height>40</height>
						<aspectratio align="center">keep</aspectratio>
						<texture fallback="flagging/aspectratio/fallback.png" >$INFO[VideoPlayer.VideoAspect,flagging/aspectratio/,.png]</texture>
						<visible>!String.IsEmpty(VideoPlayer.VideoAspect)</visible>
					</control>
					<control type="group" id="1">
					        <width>104</width>
							<height>40</height>
						<control type="image" id="1">
							<width>104</width>
							<height>40</height>
							<aspectratio align="left">stretch</aspectratio>
							<texture>flagging/audio/pcm.png</texture>
							<visible>String.IsEqual(VideoPlayer.AudioCodec,pcm) | String.IsEqual(VideoPlayer.AudioCodec,pcm_bluray) | String.IsEqual(VideoPlayer.AudioCodec,pcm_s16le) | String.IsEqual(VideoPlayer.AudioCodec,pcm_s24le)</visible>
						</control>
						<control type="image" id="1">
							<width>104</width>
							<height>40</height>
							<aspectratio align="left">stretch</aspectratio>
							<texture>flagging/audio/ac3.png</texture>
							<visible>String.IsEqual(VideoPlayer.AudioCodec,dolbydigital) | String.IsEqual(VideoPlayer.AudioCodec,ac3)</visible>
						</control>
					    <control type="image" id="1">
							<width>104</width>
							<height>40</height>
							<aspectratio align="left">stretch</aspectratio>
							<texture>flagging/audio/eac3.png</texture>
							<visible>String.IsEqual(VideoPlayer.AudioCodec,eac3) + !String.Contains(VideoPlayer.AudioCodec,eac3_ddp_atmos)</visible>
						</control>
						<control type="image" id="1">
							<width>104</width>
							<height>40</height>
							<aspectratio align="left">stretch</aspectratio>
							<texture>flagging/audio/eac3_ddp_atmos.png</texture>
							<visible>!String.IsEqual(VideoPlayer.AudioCodec,eac3) + String.IsEqual(VideoPlayer.AudioCodec,eac3_ddp_atmos)</visible>
						</control>
					    <control type="image" id="1">
							<width>104</width>
							<height>40</height>
							<aspectratio align="left">stretch</aspectratio>
							<texture>flagging/audio/truehd.png</texture>
							<visible>String.IsEqual(VideoPlayer.AudioCodec,truehd) + !String.IsEqual(VideoPlayer.AudioCodec,truehd_atmos) + !String.Contains(Player.Process(audio.is.dolby.atmos),Atmos)</visible>
						</control>
						<control type="image" id="1">
							<width>104</width>
							<height>40</height>
							<aspectratio align="left">stretch</aspectratio>
							<texture>flagging/audio/atmos.png</texture>
							<visible>String.IsEqual(VideoPlayer.AudioCodec,truehd_atmos) | [String.IsEqual(VideoPlayer.AudioCodec,truehd) + String.Contains(Player.Process(audio.is.dolby.atmos),Atmos)]</visible>
						</control>
					    <control type="image" id="1">
							<width>104</width>
							<height>40</height>
							<aspectratio align="left">stretch</aspectratio>
							<texture>flagging/audio/mp3.png</texture>
							<visible>String.IsEqual(VideoPlayer.AudioCodec,mp3) | String.IsEqual(VideoPlayer.AudioCodec,mp3float)</visible>
						</control>
						<control type="image" id="1">
							<width>104</width>
							<height>40</height>
							<aspectratio align="left">stretch</aspectratio>
							<texture>flagging/audio/dca.png</texture>
							<visible>String.IsEqual(VideoPlayer.AudioCodec,dca)</visible>
						</control>
					    <control type="image" id="1">
							<width>104</width>
							<height>40</height>
							<aspectratio align="left">stretch</aspectratio>
							<texture>flagging/audio/dtshd_ma.png</texture>
							<visible>String.IsEqual(VideoPlayer.AudioCodec,dtshd_ma) + !String.Contains(Player.Process(audio.dts.x.type), DTS) + !String.Contains(Player.Process(audio.dts.x.type), IMAX)</visible>
						</control>
						<control type="image" id="1">
							<width>104</width>
							<height>40</height>
							<aspectratio align="left">stretch</aspectratio>
							<texture>flagging/audio/dtshd_hra.png</texture>
							<visible>String.IsEqual(VideoPlayer.AudioCodec,dtshd_hra) + !String.Contains(Player.Process(audio.dts.x.type), DTS) + !String.Contains(Player.Process(audio.dts.x.type), IMAX)</visible>
						</control>
					    <control type="image" id="1">
							<width>104</width>
							<height>40</height>
							<aspectratio align="left">stretch</aspectratio>
							<texture>flagging/audio/dtshd_ma_x.png</texture>
							<visible>String.IsEqual(VideoPlayer.AudioCodec,dtshd_ma_x) | [String.IsEqual(VideoPlayer.AudioCodec,dtshd_ma) + String.Contains(Player.Process(audio.dts.x.type), DTS)]</visible>
						</control>
						<control type="image" id="1">
							<width>104</width>
							<height>40</height>
							<aspectratio align="left">stretch</aspectratio>
							<texture>flagging/audio/dtshd_ma_x_imax.png</texture>
							<visible>String.IsEqual(VideoPlayer.AudioCodec,dtshd_ma_x_imax) | [String.IsEqual(VideoPlayer.AudioCodec,dtshd_ma) + String.Contains(Player.Process(audio.dts.x.type), IMAX)]</visible>
						</control>
					    <control type="image" id="1">
							<width>104</width>
							<height>40</height>
							<aspectratio align="left">stretch</aspectratio>
							<texture>flagging/audio/aac.png</texture>
							<visible>String.IsEqual(VideoPlayer.AudioCodec,aac)</visible>
						</control>
						 <control type="image" id="1">
							<width>104</width>
							<height>40</height>
							<aspectratio align="left">stretch</aspectratio>
							<texture>flagging/audio/flac.png</texture>
							<visible>String.IsEqual(VideoPlayer.AudioCodec,flac)</visible>
						</control>
						<control type="image" id="1">
							<width>104</width>
							<height>40</height>
							<aspectratio align="left">stretch</aspectratio>
							<texture>flagging/audio/aif.png</texture>
							<visible>String.IsEqual(VideoPlayer.AudioCodec,aif)</visible>
						</control>
					    <control type="image" id="1">
							<width>104</width>
							<height>40</height>
							<aspectratio align="left">stretch</aspectratio>
							<texture>flagging/audio/alac.png</texture>
							<visible>String.IsEqual(VideoPlayer.AudioCodec,alac)</visible>
						</control>
						<control type="image" id="1">
							<width>104</width>
							<height>40</height>
							<aspectratio align="left">stretch</aspectratio>
							<texture>flagging/audio/ape.png</texture>
							<visible>String.IsEqual(VideoPlayer.AudioCodec,ape)</visible>
						</control>
						<control type="image" id="1">
							<width>104</width>
							<height>40</height>
							<aspectratio align="left">stretch</aspectratio>
							<texture>flagging/audio/cdda.png</texture>
							<visible>String.IsEqual(VideoPlayer.AudioCodec,cdda)</visible>
						</control>
					    <control type="image" id="1">
							<width>104</width>
							<height>40</height>
							<aspectratio align="left">stretch</aspectratio>
							<texture>flagging/audio/ogg.png</texture>
							<visible>String.IsEqual(VideoPlayer.AudioCodec,ogg)</visible>
						</control>
						<control type="image" id="1">
							<width>104</width>
							<height>40</height>
							<aspectratio align="left">stretch</aspectratio>
							<texture>flagging/audio/vorbis.png</texture>
							<visible>String.IsEqual(VideoPlayer.AudioCodec,vorbis)</visible>
						</control>
						<control type="image" id="1">
							<width>104</width>
							<height>40</height>
							<aspectratio align="left">stretch</aspectratio>
							<texture>flagging/audio/wavpack.png</texture>
							<visible>String.IsEqual(VideoPlayer.AudioCodec,wavpack)</visible>
						</control>
					    <control type="image" id="1">
							<width>104</width>
							<height>40</height>
							<aspectratio align="left">stretch</aspectratio>
							<texture>flagging/audio/wma.png</texture>
							<visible>String.IsEqual(VideoPlayer.AudioCodec,wma) | String.IsEqual(VideoPlayer.AudioCodec,wmav2) | String.IsEqual(VideoPlayer.AudioCodec,wmapro)</visible>
						</control>
						<control type="image" id="1">
							<width>104</width>
							<height>40</height>
							<aspectratio align="left">stretch</aspectratio>
							<texture>flagging/audio/cook.png</texture>
							<visible>String.IsEqual(VideoPlayer.AudioCodec,cook)</visible>
						</control>
						<control type="image" id="1">
							<width>104</width>
							<height>40</height>
							<aspectratio align="left">stretch</aspectratio>
							<texture>flagging/audio/opus.png</texture>
							<visible>String.IsEqual(VideoPlayer.AudioCodec,opus)</visible>
						</control>
						</control>
					<!--control type="image" id="1">
						<description>Audio Codec Image</description>
						<width>104</width>
						<height>40</height>
						<aspectratio align="center">keep</aspectratio>
						<texture>$INFO[VideoPlayer.AudioCodec,flagging/audio/,.png]</texture>
						<visible>!String.IsEmpty(VideoPlayer.AudioCodec)</visible>
					</control-->
					<control type="image" id="1">
						<description>Audio Channels Image</description>
						<width>104</width>
						<height>40</height>
						<aspectratio align="center">keep</aspectratio>
						<texture fallback="flagging/audio/fallback.png" >$VAR[AudioChannelsVar,flagging/audio/,.png]</texture>
						<visible>!Player.ChannelPreviewActive + !String.IsEmpty(VideoPlayer.AudioChannels)</visible>
					</control>
					<control type="group" id="1">
						<width>118</width>
						<height>40</height>
						<visible>!Player.ChannelPreviewActive + !String.IsEmpty(VideoPlayer.AudioLanguage)</visible>
						<control type="image" id="1">
							<top>0</top>
							<description>Audio Language Image</description>
							<width>118</width>
							<height>40</height>
							<aspectratio align="center">stretch</aspectratio>
							<texture>flagging/AudioLang.png</texture>
						</control>
						<control type="label" id="1">
							<left>53</left>
							<top>1</top>
							<width>71</width>
							<height>40</height>
							<font>font12</font>
							<align>left</align>
							<label>$INFO[VideoPlayer.AudioLanguage]</label>
							<textcolor>white</textcolor>
						</control>
					</control>
					<control type="group" id="1">
						<left>0</left>
						<width>118</width>
						<height>40</height>
						<visible>!Player.ChannelPreviewActive + !String.IsEmpty(VideoPlayer.SubtitlesLanguage) + VideoPlayer.SubtitlesEnabled</visible>
						<control type="image" id="1">
							<top>0</top>
							<width>118</width>
							<height>40</height>
							<aspectratio align="center">stretch</aspectratio>
							<texture>flagging/SubLang.png</texture>
						</control>
						<control type="label" id="1">
							<left>55</left>
							<top>1</top>
							<width>71</width>
							<height>40</height>
							<font>font12</font>
							<align>left</align>
							<label>$INFO[VideoPlayer.SubtitlesLanguage]</label>
							<textcolor>white</textcolor>
						</control>
						
					</control>
					
				</control>
				<control type="image" id="1">
						    <depth>DepthOSDPopout</depth>
							<left>698</left>
							<top>-202</top>
							<width>auto</width>
							<height>250</height>
							<align>right</align>
							<aspectratio>keep</aspectratio>
				            <texture>$INFO[Player.Art(clearart)]</texture>
						</control>
				
				<control type="label" id="1">
					<left>0</left>
					<top>180</top>
					<width>1365</width>
					<height>38</height>
					<label>$LOCALIZE[31049] $INFO[Player.FinishTime]</label>
					<align>center</align>
					<aligny>center</aligny>
					<font>font12</font>
					<textcolor>grey</textcolor>
					<scroll>true</scroll>
					<visible>[Player.ShowInfo | Window.IsVisible(VideoOSD)] + !VideoPlayer.Content(LiveTV)</visible>
					<animation effect="fade" time="150">VisibleChange</animation>
				</control>
				<control type="label" id="1">
					<left>0</left>
					<top>180</top>
					<width>1365</width>
					<height>38</height>
					<label>$INFO[VideoPlayer.NextTitle,[B]$LOCALIZE[19031]: [/B]]</label>
					<align>center</align>
					<aligny>center</aligny>
					<font>font12</font>
					<textcolor>grey</textcolor>
					<scroll>true</scroll>
					<visible>!Window.IsVisible(VideoOSD) + VideoPlayer.Content(LiveTV)</visible>
					<animation effect="fade" time="150">VisibleChange</animation>
				</control>
				<control type="label" id="1">
					<left>0</left>
					<top>225</top>
					<width>1365</width>
					<height>38</height>
					<label>[B]$LOCALIZE[31961][/B] $INFO[PVR.TimeshiftCur] (-$INFO[PVR.TimeshiftOffset])</label>
					<align>center</align>
					<aligny>center</aligny>
					<font>font12</font>
					<textcolor>grey</textcolor>
					<scroll>true</scroll>
					<visible>!Window.IsVisible(VideoOSD) + VideoPlayer.Content(LiveTV) + PVR.IsTimeShift</visible>
					<animation effect="fade" time="150">VisibleChange</animation>
				</control>
			</control>
			<control type="group" id="1">
				<left>495</left>
				<top>143r</top>
				<visible>!VideoPlayer.Content(LiveTV) | [VideoPlayer.Content(LiveTV) + VideoPlayer.HasEpg]</visible>
				<control type="label" id="1">
					<visible>!VideoPlayer.Content(LiveTV)</visible>
					<left>0</left>
					<top>0</top>
					<width>150</width>
					<height>60</height>
					<font>font13</font>
					<align>left</align>
					<aligny>center</aligny>
					<label>$INFO[Player.Time(hh:mm:ss)]</label>
				</control>
				<control type="label" id="1">
					<visible>VideoPlayer.Content(LiveTV)</visible>
					<left>0</left>
					<top>0</top>
					<width>150</width>
					<height>60</height>
					<font>font13</font>
					<align>left</align>
					<aligny>center</aligny>
					<label>$INFO[VideoPlayer.StartTime]</label>
				</control>
				<control type="group" id="1">
					<visible>VideoPlayer.Content(LiveTV)</visible>
					<control type="progress" id="1">
						<description>ProgressbarTimeshift</description>
						<left>150</left>
						<top>23</top>
						<width>1080</width>
						<height>24</height>
						<info>PVR.TimeshiftProgressBufferEnd</info>
						<midtexture border="9,13,9,13">OSDProgressMidLight.png</midtexture>
						<visible>PVR.IsTimeShift</visible>
					</control>
					<control type="progress" id="1">
						<description>Progressbar</description>
						<left>150</left>
						<top>23</top>
						<width>1080</width>
						<height>24</height>
						<info>PVR.EpgEventProgress</info>
					</control>
				</control>
				<control type="group" id="1">
					<visible>!VideoPlayer.Content(LiveTV)</visible>
					<control type="progress" id="1">
						<description>ProgressbarCache</description>
						<left>150</left>
						<top>23</top>
						<width>1080</width>
						<height>24</height>
						<info>Player.ProgressCache</info>
						<midtexture border="9,13,9,13">OSDProgressMidLight.png</midtexture>
						<visible>!Player.ChannelPreviewActive</visible>
					</control>
					<control type="progress" id="1">
						<description>Progressbar</description>
						<left>150</left>
						<top>23</top>
						<width>1080</width>
						<height>24</height>
						<info>Player.Progress</info>
					</control>
				</control>
				<control type="label" id="1">
					<visible>!VideoPlayer.Content(LiveTV)</visible>
					<left>1230</left>
					<top>0</top>
					<width>150</width>
					<height>60</height>
					<font>font13</font>
					<align>right</align>
					<aligny>center</aligny>
					<label>$INFO[Player.Duration(hh:mm:ss)]</label>
				</control>
				<control type="label" id="1">
					<visible>VideoPlayer.Content(LiveTV)</visible>
					<left>1230</left>
					<top>0</top>
					<width>150</width>
					<height>60</height>
					<font>font13</font>
					<align>right</align>
					<aligny>center</aligny>
					<label>$INFO[VideoPlayer.EndTime]</label>
				</control>
				<control type="ranges" id="1">
					<description>Chapters</description>
					<left>150</left>
					<top>23</top>
					<width>1080</width>
					<height>24</height>
					<info>Player.Chapters</info>
					<texturebg border="9,13,9,13" colordiffuse="00FFFFFF">OSDProgressBack.png</texturebg>
					<righttexture border="3,8,3,5" colordiffuse="FFFFFFFF">OSDProgressNib.png</righttexture>
				</control>
				<control type="ranges" id="1">
					<description>Cuts</description>
					<left>150</left>
					<top>23</top>
					<width>1080</width>
					<height>24</height>
					<info>Player.Cuts</info>
					<texturebg border="9,13,9,13" colordiffuse="00FFFFFF">OSDProgressBack.png</texturebg>
					<righttexture border="3,8,3,5" colordiffuse="FFFF0000">OSDProgressNib.png</righttexture>
				</control>
				<control type="ranges" id="1">
					<description>Scene Markers</description>
					<left>150</left>
					<top>23</top>
					<width>1080</width>
					<height>24</height>
					<info>Player.SceneMarkers</info>
					<texturebg border="9,13,9,13" colordiffuse="00FFFFFF">OSDProgressBack.png</texturebg>
					<righttexture border="3,8,3,5" colordiffuse="FF0000FF">OSDProgressNib.png</righttexture>
				</control>
				<control type="ranges" id="1">
					<description>Editlist</description>
					<left>150</left>
					<top>23</top>
					<width>1080</width>
					<height>24</height>
					<info>Player.Editlist</info>
					<texturebg border="9,13,9,13" colordiffuse="00FFFFFF">OSDProgressBack.png</texturebg>
					<lefttexture border="3,8,3,5" colordiffuse="FFFFFFFF">OSDProgressNib.png</lefttexture>
					<midtexture colordiffuse="FFFF0000">colors/white.png</midtexture>
					<righttexture border="3,8,3,5" colordiffuse="FFFFFFFF">OSDProgressNib.png</righttexture>
				</control>
			</control>
		</control>
		<control type="label" id="1">
		<include>1140Animation</include>
			<description>Seek Number label</description>
			<left>45</left>
			<top>8</top>
			<width>1830</width>
			<height>38</height>
			<align>center</align>
			<aligny>center</aligny>
			<font>font13</font>
			<textcolor>white</textcolor>
			<shadowcolor>black</shadowcolor>
			<label>$INFO[Player.SeekNumeric]</label>
		</control>
		<control type="group" id="2">
			<depth>DepthOSD+</depth>
			<visible>!Skin.HasSetting(ShowLogosFullscreen)</visible>
			<visible>String.IsEqual(Player.Process(av.change),1)</visible>
			<visible>true</visible>
			<visible>!VideoPlayer.Content(LiveTV)</visible>
			<onclick>Dialog.Close(all)</onclick>
			<animation type="Hidden">
				<effect type="fade" start="100" end="0" delay="9000" time="500" tween="sine"/>
			</animation>

			<!-- Video Codec Flags-->
			<!--include content="VideoCodecFlag">
				<param name="groupId">40</param><param name="imageId">41</param>
				<param name="visible">Integer.IsEqual(Player.Process(video.source.hdr.type.raw),0) + String.IsEqual(Player.Process(video.bit.depth),8)</param>
				<param name="texture">flags/fullscreen/01.png</param>
			</include-->
			<include content="VideoCodecFlag">
				<param name="groupId">42</param><param name="imageId">43</param>
				<param name="visible">String.IsEqual(Player.Process(video.source.hdr.type.raw), 0) + String.Contains(Player.Process(amlogic.vs10.mode),Bypass)</param>
				<param name="texture">flags/fullscreen/01.png</param>
			</include>
			<include content="VideoCodecFlag">
				<param name="groupId">44</param><param name="imageId">45</param>
				<param name="visible">String.IsEqual(Player.Process(video.source.hdr.type.raw), 1) + String.Contains(Player.Process(amlogic.vs10.mode),Bypass)</param>
				<param name="texture">flags/fullscreen/201.png</param>
			</include>
			<include content="VideoCodecFlag">
				<param name="groupId">44</param><param name="imageId">45</param>
				<param name="visible">String.IsEqual(Player.Process(video.source.hdr.type.raw), 0) + String.Contains(Player.Process(amlogic.vs10.mode),hdr10)</param>
				<param name="texture">flags/fullscreen/200vs.png</param>
			</include>
			<include content="VideoCodecFlag">
				<param name="groupId">44</param><param name="imageId">45</param>
				<param name="visible">String.IsEqual(Player.Process(video.source.hdr.type.raw), 4) + String.Contains(Player.Process(amlogic.vs10.mode),hdr10)</param>
				<param name="texture">flags/fullscreen/200vs.png</param>
			</include>
			<include content="VideoCodecFlag">
				<param name="groupId">44</param><param name="imageId">45</param>
				<param name="visible">String.IsEqual(Player.Process(video.source.hdr.type.raw), 3) + String.Contains(Player.Process(amlogic.vs10.mode),hdr10)</param>
				<param name="texture">flags/fullscreen/200vs.png</param>
			</include>
			<!--include content="VideoCodecFlag">
				<param name="groupId">44</param><param name="imageId">45</param>
				<param name="visible">Integer.IsEqual(Player.Process(video.source.hdr.type.raw),1) + String.Contains(Player.Filenameandpath,imax)</param>
				<param name="texture">flags/fullscreen/200x.png</param>
			</include-->
			<include content="VideoCodecFlag">
				<param name="groupId">46</param><param name="imageId">47</param>
				<param name="visible">String.IsEqual(Player.Process(video.source.hdr.type.raw), 2) + !String.Contains(Player.Process(amlogic.vs10.mode),Dolby Vision)</param>
				<param name="texture">flags/fullscreen/101.png</param>
			</include>
			<include content="VideoCodecFlag">
				<param name="groupId">48</param><param name="imageId">49</param>
				<param name="visible">Integer.IsEqual(Player.Process(video.source.hdr.type.raw),3) + String.Contains(Player.Process(amlogic.vs10.mode),sdr)</param>
				<param name="texture">flags/fullscreen/0vs.png</param>
			</include>
			<include content="VideoCodecFlag">
				<param name="groupId">48</param><param name="imageId">49</param>
				<param name="visible">Integer.IsEqual(Player.Process(video.source.hdr.type.raw),3) + String.Contains(Player.Process(amlogic.vs10.mode),Dolby Vision)</param>
				<param name="texture">flags/fullscreen/401.png</param>
			</include>
			<include content="VideoCodecFlag">
				<param name="groupId">48</param><param name="imageId">49</param>
				<param name="visible">String.IsEqual(Player.Process(video.source.hdr.type.raw), 2) + String.Contains(Player.Process(amlogic.vs10.mode),Dolby Vision)</param>
				<param name="texture">flags/fullscreen/400vs.png</param>
			</include>
			<include content="VideoCodecFlag">
				<param name="groupId">48</param><param name="imageId">49</param>
				<param name="visible">String.IsEqual(Player.Process(video.source.hdr.type.raw), 1) + String.Contains(Player.Process(amlogic.vs10.mode),Dolby Vision)</param>
				<param name="texture">flags/fullscreen/400vs.png</param>
			</include>
			<include content="VideoCodecFlag">
				<param name="groupId">48</param><param name="imageId">49</param>
				<param name="visible">String.IsEqual(Player.Process(video.source.hdr.type.raw), 0) + String.Contains(Player.Process(amlogic.vs10.mode),Dolby Vision)</param>
				<param name="texture">flags/fullscreen/400vs.png</param>
			</include>
			<include content="VideoCodecFlag">
				<param name="groupId">48</param><param name="imageId">49</param>
				<param name="visible">String.IsEqual(Player.Process(video.source.hdr.type.raw), 4) + String.Contains(Player.Process(amlogic.vs10.mode),Dolby Vision)</param>
				<param name="texture">flags/fullscreen/400vs.png</param>
			</include>
			<!--include content="VideoCodecFlag">
				<param name="groupId">48</param><param name="imageId">49</param>
				<param name="visible">Integer.IsEqual(Player.Process(video.source.hdr.type.raw),3) + String.Contains(Player.Filenameandpath,imax)</param>
				<param name="texture">flags/fullscreen/400x.png</param>
			</include-->
			<include content="VideoCodecFlag">
				<param name="groupId">50</param><param name="imageId">51</param>
				<param name="visible">Integer.IsEqual(Player.Process(video.source.hdr.type.raw),4) + String.Contains(Player.Process(amlogic.vs10.mode),Bypass)</param>
				<param name="texture">flags/fullscreen/301.png</param>
			</include>
			<include content="VideoCodecFlag">
				<param name="groupId">50</param><param name="imageId">51</param>
				<param name="visible">Integer.IsEqual(Player.Process(video.source.hdr.type.raw),3) + String.Contains(Player.Process(amlogic.vs10.mode),Bypass)</param>
				<param name="texture">flags/fullscreen/201.png</param>
			</include>

			<!-- Audio Codec Flags-->
			<include content="AudioCodecFlag">
							<param name="groupId">60</param>
							<param name="imageId">61</param>
							<param name="visible">String.IsEqual(VideoPlayer.AudioCodec,pcm) | String.IsEqual(VideoPlayer.AudioCodec,pcm_bluray) | String.IsEqual(VideoPlayer.AudioCodec,pcm_s16le) | String.IsEqual(VideoPlayer.AudioCodec,pcm_s24le)</param>
							<param name="texture">flags/fullscreen/PCM.png</param>
						</include>
						<include content="AudioCodecFlag">
							<param name="groupId">62</param>
							<param name="imageId">63</param>
							<param name="visible">String.IsEqual(VideoPlayer.AudioCodec,aac) | String.IsEqual(VideoPlayer.AudioCodec,aac_latm)</param>
							<param name="texture">flags/fullscreen/AAC.png</param>
						</include>
						<include content="AudioCodecFlag">
							<param name="groupId">62</param>
							<param name="imageId">63</param>
							<param name="visible">String.IsEqual(VideoPlayer.AudioCodec,alac)</param>
							<param name="texture">flags/fullscreen/ALAC.png</param>
						</include>
						<include content="AudioCodecFlag">
							<param name="groupId">62</param>
							<param name="imageId">63</param>
							<param name="visible">String.IsEqual(VideoPlayer.AudioCodec,aiff)</param>
							<param name="texture">flags/fullscreen/AIFF.png</param>
						</include>
						<include content="AudioCodecFlag">
							<param name="groupId">62</param>
							<param name="imageId">63</param>
							<param name="visible">String.IsEqual(VideoPlayer.AudioCodec,ape)</param>
							<param name="texture">flags/fullscreen/APE.png</param>
						</include>
						<include content="AudioCodecFlag">
							<param name="groupId">62</param>
							<param name="imageId">63</param>
							<param name="visible">String.IsEqual(VideoPlayer.AudioCodec,cdda)</param>
							<param name="texture">flags/fullscreen/CDDA.png</param>
						</include>
						<include content="AudioCodecFlag">
							<param name="groupId">62</param>
							<param name="imageId">63</param>
							<param name="visible">String.IsEqual(VideoPlayer.AudioCodec,cook)</param>
							<param name="texture">flags/fullscreen/COOK.png</param>
						</include>
						<include content="AudioCodecFlag">
							<param name="groupId">64</param>
							<param name="imageId">65</param>
							<param name="visible">String.IsEqual(VideoPlayer.AudioCodec,mp3) | String.IsEqual(VideoPlayer.AudioCodec,mp3float) | String.IsEqual(VideoPlayer.AudioCodec,mp2) | String.IsEqual(VideoPlayer.AudioCodec,mp1)</param>
							<param name="texture">flags/fullscreen/MP3.png</param>
						</include>
						<include content="AudioCodecFlag">
							<param name="groupId">66</param>
							<param name="imageId">67</param>
							<param name="visible">String.IsEqual(VideoPlayer.AudioCodec,flac)</param>
							<param name="texture">flags/fullscreen/FLAC.png</param>
						</include>
						<include content="AudioCodecFlag">
							<param name="groupId">68</param>
							<param name="imageId">69</param>
							<param name="visible">String.IsEqual(VideoPlayer.AudioCodec,opus)</param>
							<param name="texture">flags/fullscreen/OPUS.png</param>
						</include>
						<include content="AudioCodecFlag">
							<param name="groupId">70</param>
							<param name="imageId">71</param>
							<param name="visible">String.IsEqual(VideoPlayer.AudioCodec,dolbydigital) | String.IsEqual(VideoPlayer.AudioCodec,ac3)</param>
							<param name="texture">flags/fullscreen/Dolby_Digital.png</param>
						</include>
						<include content="AudioCodecFlag">
							<param name="groupId">72</param>
							<param name="imageId">73</param>
							<param name="visible">String.IsEqual(VideoPlayer.AudioCodec,eac3)</param>
							<param name="texture">flags/fullscreen/Dolby_Digital_Plus.png</param>
						</include>
						<include content="AudioCodecFlag">
							<param name="groupId">74</param>
							<param name="imageId">75</param>
							<param name="visible">String.IsEqual(VideoPlayer.AudioCodec,eac3_ddp_atmos)</param>
							<param name="texture">flags/fullscreen/Dolby_Digital_Plus_Atmos.png</param>
						</include>
						<include content="AudioCodecFlag">
							<param name="groupId">76</param>
							<param name="imageId">77</param>
							<param name="visible">String.IsEqual(VideoPlayer.AudioCodec,truehd) + !String.IsEqual(VideoPlayer.AudioCodec,truehd_atmos) + !String.Contains(Player.Process(audio.is.dolby.atmos),Atmos)</param>
							<param name="texture">flags/fullscreen/Dolby_TrueHD.png</param>
						</include>
						<include content="AudioCodecFlag">
							<param name="groupId">78</param>
							<param name="imageId">79</param>
							<param name="visible">String.IsEqual(VideoPlayer.AudioCodec,truehd_atmos) | [String.IsEqual(VideoPlayer.AudioCodec,truehd) + String.Contains(Player.Process(audio.is.dolby.atmos),Atmos)]</param>
							<param name="texture">flags/fullscreen/Dolby_Atmos.png</param>
						</include>
						<include content="AudioCodecFlag">
							<param name="groupId">80</param>
							<param name="imageId">81</param>
							<param name="visible">String.IsEqual(VideoPlayer.AudioCodec,dca)</param>
							<param name="texture">flags/fullscreen/DTS.png</param>
						</include>
						<include content="AudioCodecFlag">
							<param name="groupId">82</param>
							<param name="imageId">83</param>
							<param name="visible">String.IsEqual(VideoPlayer.AudioCodec,dtshd_hra)</param>
							<param name="texture">flags/fullscreen/DTS-HD-HRA.png</param>
						</include>
						<include content="AudioCodecFlag">
							<param name="groupId">84</param>
							<param name="imageId">85</param>
							<param name="visible">String.IsEqual(VideoPlayer.AudioCodec,dtshd_ma)</param>
							<param name="texture">flags/fullscreen/DTS-HD-MA.png</param>
						</include>
						<include content="AudioCodecFlag">
							<param name="groupId">86</param>
							<param name="imageId">87</param>
							<param name="visible">String.IsEqual(VideoPlayer.AudioCodec,dtshd_ma_x) </param>
							<param name="texture">flags/fullscreen/DTSX.png</param>
						</include>
						<include content="AudioCodecFlag">
							<param name="groupId">88</param>
							<param name="imageId">89</param>
							<param name="visible">String.IsEqual(VideoPlayer.AudioCodec,dtshd_ma_x_imax)</param>
							<param name="texture">flags/fullscreen/IMAX.png</param>
						</include>
						<include content="AudioCodecFlag">
							<param name="groupId">88</param>
							<param name="imageId">89</param>
							<param name="visible">String.IsEqual(VideoPlayer.AudioCodec,wma) | String.IsEqual(VideoPlayer.AudioCodec,wmav2) | String.IsEqual(VideoPlayer.AudioCodec,wmapro)</param>
							<param name="texture">flags/fullscreen/WMA.png</param>
						</include>
						<include content="AudioCodecFlag">
							<param name="groupId">88</param>
							<param name="imageId">89</param>
							<param name="visible">String.IsEqual(VideoPlayer.AudioCodec,ogg)</param>
							<param name="texture">flags/fullscreen/OGG.png</param>
						</include>
						<include content="AudioCodecFlag">
							<param name="groupId">88</param>
							<param name="imageId">89</param>
							<param name="visible">String.IsEqual(VideoPlayer.AudioCodec,vorbis)</param>
							<param name="texture">flags/fullscreen/VORBIS.png</param>
						</include>
						<include content="AudioCodecFlag">
							<param name="groupId">88</param>
							<param name="imageId">89</param>
							<param name="visible">String.IsEqual(VideoPlayer.AudioCodec,wavpack)</param>
							<param name="texture">flags/fullscreen/VAWP.png</param>
						</include>
						<include content="AudioCodecFlag">
							<param name="groupId">88</param>
							<param name="imageId">89</param>
							<param name="visible">String.IsEqual(VideoPlayer.AudioCodec, )</param>
							<param name="texture">flags/fullscreen/fallback.png</param>
						</include>
		</control>
	</controls>
</window>
