<?xml version="1.0" encoding="UTF-8"?>
<window>
	<defaultcontrol>1000</defaultcontrol>
	<onload condition="!Skin.HasSetting(offresume) + String.Contains(ListItem.Filename,iso) + ListItem.IsResumable + !Window.IsVisible(MovieInformation)">setfocus(3000)</onload>
	<include>dialogeffect</include>
	<coordinates>
		<left>0</left>
		<top>0</top>
	</coordinates>
	<controls>
		<control type="image" id="999">
			<description>background image</description>
			<left>0</left>
			<top>0</top>
			<width>510</width>
			<height>1080</height>
			<texture border="16" colordiffuse="$VAR[transselect1]">common/dialog.png</texture>
		</control>
		<control type="grouplist" id="996">
			<description>grouplist for context buttons</description>
			<left>30</left>
			<top>45</top>
			<width>450</width>
			<height max="1005">auto</height>
			<itemgap>3</itemgap>
		<control type="button" id="3000">
			<description>button template</description>
			<left />
			<top />
			<width>450</width>
			<height>57</height>
			<label>ISO续播(可切换字幕/音轨)</label>
			<font>fontContextMenu</font>
			<align>center</align>
			<textcolor>FF00FF00</textcolor>
			<focusedcolor>FF00FF00</focusedcolor>
			<texturefocus border="5">button-focus.png</texturefocus>
			<onclick>RunScript(special://skin/scripts/resumeplay.py,folderplay)</onclick>
			<visible>!Skin.HasSetting(offresume) + String.Contains(ListItem.Filename,iso) + ListItem.IsResumable + !Window.IsVisible(MovieInformation)</visible>
		</control>
		<control type="button" id="1000">
			<description>button template</description>
			<left />
			<top />
			<width>450</width>
			<height>57</height>
			<font>fontContextMenu</font>
			<align>center</align>
			<textcolor>grey2</textcolor>
			<focusedcolor>white</focusedcolor>
			<texturefocus border="5">button-focus.png</texturefocus>
		</control>
		<control type="button" id="2000">
			<description>button template</description>
			<left />
			<top />
			<width>450</width>
			<height>57</height>
			<label>生成strm文件</label>
			<font>fontContextMenu</font>
			<align>center</align>
			<textcolor>grey2</textcolor>
			<focusedcolor>white</focusedcolor>
			<onclick>RunScript(special://skin/scripts/cd2strm.py,addstrm)</onclick>
			<texturefocus border="5">button-focus.png</texturefocus>
			<visible>String.Contains(ListItem.FileNameAndPath,115) + !Window.IsVisible(MovieInformation)</visible>
		</control>
		</control>
	</controls>
</window>
