<?xml version="1.0" encoding="UTF-8"?>
<window type="dialog">
	<defaultcontrol always="true">9000</defaultcontrol>
	 <onfocus>AlarmClock(ClearRecLoading,ClearProperty(Recommendations.IsLoading,Home),00:00,silent)</onfocus>
    <onunload>ClearProperty(HasTrailer,Home)</onunload>
	<onload condition="System.AddonIsEnabled(plugin.video.themoviedb.helper)">RunScript(plugin.video.themoviedb.helper,blur_image='"$VAR[fanartThumb]"')</onload>
	<controls>
	    <control type="list" id="99950">
			<left>-100</left>
		<top>-100</top>
		<width>100</width>
		<height>100</height>
		<itemlayout height="100" width="100" />
		<focusedlayout height="100" width="100" />
		</control>
		<control type="button" id="7007">
                <nested />
                <top>-1000</top>
                <left>-1000</left>
                <width>1</width>
                <height>1</height>
                <texturefocus />
                <texturenofocus />
                <font />
                <visible allowhiddenfocus="true">False</visible>
				<nested />				
			   <onfocus>SetProperty(Recommendations.IsLoading,1,Home)</onfocus>
                <onfocus>AlarmClock(ClearRecLoading,ClearProperty(Recommendations.IsLoading,Home),00:02,silent)</onfocus>
				<onfocus>SetProperty(TMDbHelper.Recommendations.Logo,$ESCINFO[Container(99950).ListItem.Art(cropimage)],Home)</onfocus>
        <onfocus>SetProperty(TMDbHelper.WinProp.Set,'"$VAR[Label_Set]"',Home)</onfocus>
        <onfocus>SetProperty(TMDbHelper.WinProp.Director,'"$VAR[Path_FromDirector_Name]"',Home)</onfocus>
        <onfocus>SetProperty(TMDbHelper.WinProp.Writer,'"$VAR[Path_FromWriter_Screenplay]"',Home)</onfocus>
        <onfocus>SetProperty(TMDbHelper.WinProp.Studio,'$ESCINFO[Container(99950).ListItem.Property(Studio.1.Name)]',Home)</onfocus>
        <onfocus>SetProperty(TMDbHelper.WinProp.Genre,'$ESCINFO[Container(99950).ListItem.Property(Genre.1.Name)]',Home)</onfocus>
        <onfocus>SetProperty(TMDbHelper.WinProp.Year,'$ESCINFO[ListItem.Year]',Home)</onfocus>
        <onfocus>SetProperty(TMDbHelper.WinProp.Title,'"$VAR[Label_Title]"',Home)</onfocus>
               <onfocus condition="System.AddonIsEnabled(plugin.video.themoviedb.helper) + !String.IsEqual(ListItem.DBTYPE,set)">Runscript(plugin.video.themoviedb.helper,recommendations=$VAR[Path_Recs]||5999|info=details|true,$VAR[Path_Recs_Query],$VAR[Path_Recs_Type],context=ActivateWindow(1113),window_id=1190,setproperty=HideView,winprop_clearlogo='$ESCINFO[Container(99950).ListItem.Art(cropimage)]',winprop_Collection=$WINPROP[Set],winprop_Director=$WINPROP[Director],winprop_Writer=$WINPROP[Writer],winprop_Genre=$WINPROP[Genre],winprop_Studio=$WINPROP[Studio],winprop_Year=$WINPROP[Year],winprop_Fanart='$ESCINFO[ListItem.Art(fanart)]',winprop_Title=$WINPROP[Title])</onfocus>
			    <onfocus>setfocus(5000)</onfocus>
            </control>
	   <control type="group">
			<depth>DepthSideBlade</depth>
			<visible>!Window.IsVisible(FileBrowser)</visible>
			<animation effect="slide" start="1920,0" end="0,0" time="400" tween="quadratic" easing="out">WindowOpen</animation>
			<animation effect="slide" start="0,0" end="1920,0" time="400" tween="quadratic" easing="out">WindowClose</animation>
			<control type="image">
				<left>0</left>
				<top>0</top>
				<width>1920</width>
				<height>1080</height>
				<texture background="true" fallback="special://skin/media/bg/Videos.jpg">$VAR[DialogInfoBackgroundVar]</texture>
				<fadetime>400</fadetime>
				<visible>Skin.HasSetting(detailbgcoveroff)</visible>
			</control>
			<control type="image">
				<left>0</left>
				<top>0</top>
				<width>1920</width>
				<height>1080</height>
				<texture background="true" fallback="special://skin/media/bg/Videos.jpg">$INFO[ListItem.Art(fanart)]</texture>
				<fadetime>400</fadetime>
				<visible>!Skin.HasSetting(detailbgcoveroff)</visible>
			</control>
			<control type="image">
					<width>100%</width>
					<height>100%</height>
					<texture border="16" colordiffuse="80282a2e">common/dialog.png</texture>
					<visible>String.Contains(ListItem.FolderPath,type=person)</visible>
				</control>
			<control type="image">
					<left>-10</left>
				<top>-10</top>
				<width>1940</width>
				<height>1100</height>
					<texture border="16" colordiffuse="$VAR[transselect2]">common/dialog.png</texture>
					<visible>!Skin.HasSetting(detailbgcoveroff)</visible>
				</control>
			<control type="group">
				    <top>980</top>
                    <left>1770</left>				
				   <include>CombinedStudio</include>
				   <visible>Skin.HasSetting(studiologoposition)</visible>	
				</control>
			<control type="image">
				<left>620</left>
				<top>0</top>
				<width>1300</width>
				<height>730</height>
				<texture background="true" diffuse="diffuse/flixart.png">$INFO[ListItem.Art(fanart)]</texture>
				<fadetime>400</fadetime>
				<include>Animateddetailpage</include>
			</control>
			<control type="group">
			    <left>280</left>
			    <top>45</top>
				<animation effect="slide" start="0,0" end="0,1080" time="400" tween="quadratic" easing="out" condition="Control.hasfocus(5000)">conditional</animation>
				<!--visible>!String.IsEqual(ListItem.DBType,musicvideo) + !String.Contains(ListItem.FolderPath,type=person)</visible-->
			 <control type="image">
				<left>-200</left>
				<top>-45</top>
				<width>500</width>
				<height>230</height>
				<aspectratio align="center" aligny="center">keep</aspectratio>
				<texture>$VAR[Image_Clearlogo]</texture>
				<visible>!String.IsEmpty(Player.Art(clearlogo)) | !String.IsEmpty(Player.Art(tvshow.clearlogo)) | !String.IsEmpty(Player.Art(artist.clearlogo)) | !String.IsEmpty(ListItem.Art(clearlogo)) | !String.IsEmpty(ListItem.Art(tvshow.clearlogo)) | !String.IsEmpty(ListItem.Art(artist.clearlogo)) | !String.IsEmpty(Container(99950).ListItem.Art(clearlogo))</visible>
				 <visible>!String.Contains(ListItem.FolderPath,type=person)</visible>	
			</control>
			<control type="label">
				<left>-250</left>
				<top>-45</top>
				<width>auto</width>
				<height>230</height>
				<font>font80_title</font>
				<shadowcolor>black</shadowcolor>
				<textcolor>blue</textcolor>
				<shadowcolor>black</shadowcolor>
				<scroll>true</scroll>
				<align>center</align>
				<aligny>center</aligny>
				<label>$VAR[ShowCustomLabel]</label>
				<visible>String.IsEmpty(Player.Art(clearlogo)) + String.IsEmpty(Player.Art(tvshow.clearlogo)) + String.IsEmpty(Player.Art(artist.clearlogo)) + String.IsEmpty(ListItem.Art(clearlogo)) + String.IsEmpty(ListItem.Art(tvshow.clearlogo)) + String.IsEmpty(ListItem.Art(artist.clearlogo)) + String.IsEmpty(Container(99950).ListItem.Art(clearlogo))</visible>		
				 <visible>!String.Contains(ListItem.FolderPath,type=person)</visible>	
			</control>
			 
				 <control type="image">
				<left>-200</left>
				<top>190</top>
				<width>500</width>
				<height>750</height>
				<aspectratio align="center">stretch</aspectratio>
				<texture>$VAR[PosterThumb]</texture>
				<animation effect="slide" start="0,0" end="0,-115" condition="String.Contains(ListItem.FolderPath,type=person)">Conditional</animation>
				 <visible>!String.Contains(ListItem.FolderPath,type=person)</visible>		
				</control>
				<control type="group">
				    <top>830</top>
                    <left>140</left>				
				   <include>CombinedStudio</include>
				   <visible>!Skin.HasSetting(studiologoposition)</visible>	
				</control>
				 <control type="image">
				<left>-200</left>
				<top>190</top>
				<width>500</width>
				<height>750</height>
				<aspectratio align="center">stretch</aspectratio>
				<texture>$INFO[ListItem.icon]</texture>
				<animation effect="slide" start="0,0" end="0,-115" condition="String.Contains(ListItem.FolderPath,type=person)">Conditional</animation>
				 <visible>String.Contains(ListItem.FolderPath,type=person)</visible>		
				</control>
			<control type="group">
                <top>30</top>
                <visible>!String.Contains(ListItem.FolderPath,type=person)</visible>
				<animation effect="slide" start="0,0" end="0,210" time="200" condition="!Control.HasFocus(7008) + Skin.HasSetting(hideinfoplot)">Conditional</animation>
				<control type="label">
				<left>370</left>
				<top>480</top>
				<width>780</width>
				<height>30</height>
				<font>font30</font>
				<shadowcolor>black</shadowcolor>
				<textcolor>white</textcolor>
				<shadowcolor>black</shadowcolor>
				<scroll>true</scroll>
				<align>left</align>
				<aligny>center</aligny>
				<label>$VAR[ShowCustomLabel]</label>
			</control>
			<control type="button" id="7008">
                <nested />
				<onleft>9000</onleft>
				<onright>9000</onright>
				<onup>9000</onup>
				<ondown>9000</ondown>
				<onback>9000</onback>
                <left>370</left>
				<top>648</top>
				<width>755</width>
				<height>210</height>
                <texturefocus />
                <texturenofocus />
                <font />
                <visible allowhiddenfocus="true">False</visible>
				<nested />
            </control>
			<control type="image">
					<left>362</left>
				    <top>643</top>
				    <width>765</width>
				    <height>220</height>
					<aspectratio>stretch</aspectratio>
				    <texture border="16" colordiffuse="$VAR[transselect1]">common/dialog.png</texture>
					<visible>Control.HasFocus(7008)</visible>
			</control>
			<control type="textbox"> 
					<description>Description Value The Movie</description>
					<left>370</left>
					<top>648</top>
					<width>755</width>
					<height>210</height>
					<font>font11</font>
					<shadowcolor>black</shadowcolor>
					<align>left</align>
					<textcolor>white</textcolor>
					<label>$INFO[ListItem.Plot]</label>
					<autoscroll time="2000" delay="2000" repeat="4000">true</autoscroll>
					<visible>Control.HasFocus(7008) | !Skin.HasSetting(hideinfoplot)</visible>
					<animation effect="fade" start="0" end="100" time="300" condition="Control.HasFocus(7008)">Conditional</animation>
				</control>
				<control type="image">
							<left>0</left>
							<top>250</top>
							<width>auto</width>
							<height>220</height>
							<align>left</align>
							<aspectratio>keep</aspectratio>
				            <texture background="true" diffuse="diffuse/flixart.png">$INFO[ListItem.Art(clearart)]</texture>
							<visible>!Skin.HasSetting(hideclearart)</visible>
				</control>
				<control type="group">
			 <control type="grouplist">
                <left>370</left>
				<top>525</top>
				<width>1500</width>				
                <nested />
                <height>53</height>
                <orientation>horizontal</orientation>
                <align>left</align>
                <itemgap>18</itemgap>
                <usecontrolcoords>true</usecontrolcoords>
				<control type="image">					  
					<width>35</width>
					<height>35</height>										
			        <aspectratio aligny="left">keep</aspectratio>
			        <texture>flagging/color/ratings/TMDB.png</texture>
			    </control>
				<control type="label">
				    <left>-10</left>
					<top>6</top>
					<width>auto</width>
					<height>45</height>
					<font>font11</font>
				    <shadowcolor>black</shadowcolor>
					<textcolor>white</textcolor>
					<shadowcolor>black</shadowcolor>
					<scroll>true</scroll>
					<align>left</align>					
					<label fallback="-.-">$INFO[ListItem.Rating]</label>
					<scrollout>false</scrollout>
				</control>
				<control type="image">					  
					<top>5</top>
					<width>52</width>
					<height>32</height>										
			        <aspectratio aligny="left">keep</aspectratio>
			        <texture>flagging/color/ratings/IMDB.png</texture>
			    </control>
				<control type="label">
				    <left>-10</left>
					<top>6</top>
					<width>auto</width>
					<height>45</height>
					<font>font11</font>
				    <shadowcolor>black</shadowcolor>
					<textcolor>white</textcolor>
					<shadowcolor>black</shadowcolor>
					<scroll>true</scroll>
					<align>left</align>					
					<label fallback="-.-">$INFO[Container(99950).ListItem.Property(IMDb_Rating)]</label>
					<scrollout>false</scrollout>
				</control>
				<control type="image">					  
					<top>5</top>
					<width>32</width>
					<height>32</height>										
			        <aspectratio aligny="left">keep</aspectratio>
			        <texture>$VAR[Image_RottenTomatoes]</texture>
					<visible>!String.IsEmpty(Container(99950).ListItem.Property(RottenTomatoes_Rating))</visible>
			    </control>
				<control type="label">
				    <left>-10</left>
					<top>6</top>
					<width>auto</width>
					<height>45</height>
					<font>font11</font>
					<textcolor>white</textcolor>
					<shadowcolor>black</shadowcolor>
					<scroll>true</scroll>
					<align>left</align>					
					<label>$INFO[Container(99950).ListItem.Property(RottenTomatoes_Rating),,%]</label>
					<scrollout>false</scrollout>
					<visible>!String.IsEmpty(Container(99950).ListItem.Property(RottenTomatoes_Rating))</visible>
				</control>
				<control type="image">					  
					<top>5</top>
					<width>32</width>
					<height>32</height>										
			        <aspectratio aligny="left">keep</aspectratio>
			        <texture>$VAR[Image_popcorn]</texture>
					<visible>!String.IsEmpty(Container(99950).ListItem.Property(RottenTomatoes_UserMeter))</visible>
			    </control>
				<control type="label">
				    <left>-15</left>
					<top>6</top>
					<width>auto</width>
					<height>45</height>
					<font>font11</font>
					<textcolor>white</textcolor>
					<shadowcolor>black</shadowcolor>
					<scroll>true</scroll>
					<align>left</align>					
					<label>$INFO[Container(99950).ListItem.Property(RottenTomatoes_UserMeter),,%]</label>
					<scrollout>false</scrollout>
					<visible>!String.IsEmpty(Container(99950).ListItem.Property(RottenTomatoes_UserMeter))</visible>
				</control>
				<control type="label">
				    <top>-5</top>
					<width min="15" max="330">auto</width>
					<height>53</height>
					<font>font11</font>
					<textcolor>white</textcolor>
					<shadowcolor>black</shadowcolor>
					<scroll>true</scroll>
					<align>left</align>
					<aligny>center</aligny>
					<label>$INFO[ListItem.Country]</label>
					<scrollout>false</scrollout>
					<visible>!String.IsEmpty(ListItem.Country)</visible>
				</control>
				<!--control type="image">
				     <top>-7</top>
					<left>-25</left>
					<width>42</width>
					<height>42</height>										
			        <aspectratio aligny="left">keep</aspectratio>
			        <texture>flagging/color/ratings/shouying.png</texture>
			        <visible>!String.IsEmpty(ListItem.Premiered)</visible>
			    </control-->
				</control>
				<control type="grouplist">
				    <left>370</left> 
					<top>570</top>
					 <itemgap>18</itemgap>
					 <orientation>horizontal</orientation>
                <usecontrolcoords>true</usecontrolcoords>
				<control type="label">
				    <top>0</top>
					<width>auto</width>
					<height>45</height>
					<font>font11</font>
					<textcolor>white</textcolor>
					<shadowcolor>black</shadowcolor>
					<scroll>true</scroll>
					<align>left</align>					
					<label  fallback="−.−">$INFO[ListItem.Premiered]</label>					
					<visible>!String.IsEmpty(ListItem.Premiered)</visible>				
				</control>
				<control type="image">
				<top>-2</top>
				<left>-5</left>
			    <width>40</width>
			    <height>35</height>
			    <aspectratio>keep</aspectratio>
			    <texture>$VAR[rating,flagging/ratings/,.png]</texture>
			     <visible>!String.IsEmpty(ListItem.mpaa)</visible>
		        </control>
				<control type="label">
				    <left>-5</left>
					<top>-10</top>
					<width min="15" max="250">auto</width>
					<height>53</height>
					<textcolor>white</textcolor>
					<font>font11</font>
				    <shadowcolor>black</shadowcolor>					
					<scroll>true</scroll>
					<align>left</align>
					<aligny>center</aligny>		
					<label>$INFO[ListItem.Genre]</label>
					<scrollout>false</scrollout>
				</control>
				<control type="label">
				    <top>0</top>
				    <left>0</left>
					<width>auto</width>
					<height>45</height>
					<font>font11</font>
					<textcolor>white</textcolor>
					<shadowcolor>black</shadowcolor>
					<scroll>true</scroll>
					<align>left</align>					
					<label>$VAR[DurationInMinutes]</label>					
					<visible>!String.IsEmpty(ListItem.Duration)</visible>				
				</control>
				<control type="group">
				    <top>-14</top>
				    <width>auto</width>
					<usecontrolcoords>true</usecontrolcoords>
					<visible>!String.IsEmpty(ListItem.Duration)</visible>
				<control type="label">					
					<left>0</left>
				    <top>3</top>
					<width>auto</width>
					<height>53</height>
					<font>font11</font>
					<textcolor>white</textcolor>
					<shadowcolor>black</shadowcolor>
					<scroll>true</scroll>
					<align>left</align>
					<aligny>center</aligny>
					<label>结束:$INFO[ListItem.EndTimeResume]</label>
					<scrollout>false</scrollout>
					<visible>!String.IsEmpty(ListItem.Duration)</visible>
				</control>
				</control>
                </control>					
				</control>
				<control type="grouplist">
				<left>370</left> 
				<top>610</top>
                <itemgap>3</itemgap>
				<orientation>horizontal</orientation>
				<usecontrolcoords>true</usecontrolcoords>
				<visible>!Skin.HasSetting(Hidehorizone5) | Window.IsVisible(MovieInformation)</visible>		
            <control type="label">
			        <width>auto</width>
					<textcolor>white</textcolor>
					<font>font11</font>
				    <shadowcolor>black</shadowcolor>					
					<scroll>true</scroll>
					<align>left</align>					
					<label>音频：</label>
					<scrollout>false</scrollout>
					<pauseatend>2000</pauseatend>
				</control>	
				<control type="label">
			        <width>auto</width>
					<textcolor>grey2</textcolor>
					<font>font11</font>
				    <shadowcolor>black</shadowcolor>					
					<scroll>true</scroll>
					<align>left</align>					
					<label>播放后识别</label>
					<scrollout>false</scrollout>
					<visible>String.IsEmpty(ListItem.AudioLanguage)</visible>
				</control>	
            <control type="image"> 
			    <top>-4</top>
                <width>40</width>
                <height>40</height>
                <aspectratio align="left">keep</aspectratio>
                <texture>$INFO[ListItem.Property(AudioLanguage.1),flagging/color/language/,.png]</texture>
                <visible>!String.IsEmpty(ListItem.Property(AudioLanguage.1))</visible>
            </control>
            <control type="image"> 
                <top>-4</top>			
                <width>40</width>
                <height>40</height>
                <aspectratio align="left">keep</aspectratio>
                <texture diffuse="white">$INFO[ListItem.Property(AudioLanguage.2),flagging/color/language/,.png]</texture>
                <visible>!String.IsEmpty(ListItem.Property(AudioLanguage.2))</visible>
            </control>
            <control type="image"> 
                <top>-4</top>		                
                <width>40</width>
                <height>40</height>
                <aspectratio align="left">keep</aspectratio>
                <texture diffuse="white">$INFO[ListItem.Property(AudioLanguage.3),flagging/color/language/,.png]</texture>
                <visible>!String.IsEmpty(ListItem.Property(AudioLanguage.3))</visible>
            </control>
            <control type="image"> 
                <top>-4</top>		                
                <width>40</width>
                <height>40</height>
                <aspectratio align="left">keep</aspectratio>
                <texture diffuse="white">$INFO[ListItem.Property(AudioLanguage.4),flagging/color/language/,.png]</texture>
                <visible>!String.IsEmpty(ListItem.Property(AudioLanguage.4))</visible>
            </control>
            <control type="image"> 
                <top>-4</top>		                
                <width>40</width>
                <height>40</height>
                <aspectratio align="left">keep</aspectratio>
                <texture diffuse="white">$INFO[ListItem.Property(AudioLanguage.5),flagging/color/language/,.png]</texture>
                <visible>!String.IsEmpty(ListItem.Property(AudioLanguage.5))</visible>
            </control>
			<control type="label">
			        <width>120</width>
					<textcolor>white</textcolor>
					<font>font11</font>
				    <shadowcolor>black</shadowcolor>					
					<scroll>true</scroll>
					<align>right</align>					
					<label>字幕：</label>
					<scrollout>false</scrollout>
					<pauseatend>2000</pauseatend>
				</control>
				<control type="label">
			        <width>auto</width>
					<textcolor>grey2</textcolor>
					<font>font11</font>
				    <shadowcolor>black</shadowcolor>					
					<scroll>true</scroll>
					<align>left</align>					
					<label>播放后识别</label>
					<scrollout>false</scrollout>
					<pauseatend>2000</pauseatend>
					<visible>String.IsEmpty(ListItem.SubtitleLanguage)</visible>
				</control>	
            <control type="image"> 
              <top>-4</top>			
               <width>40</width>
                <height>40</height>
                <aspectratio align="left">keep</aspectratio>
                <texture diffuse="white">$INFO[ListItem.Property(SubtitleLanguage.1),flagging/color/language/,.png]</texture>
                <visible>!String.IsEmpty(ListItem.Property(SubtitleLanguage.1))</visible>
            </control>
            <control type="image"> 
              <top>-4</top>			                
               <width>40</width>
                <height>40</height>
                <aspectratio align="left">keep</aspectratio>
                <texture diffuse="white">$INFO[ListItem.Property(SubtitleLanguage.2),flagging/color/language/,.png]</texture>
                <visible>!String.IsEmpty(ListItem.Property(SubtitleLanguage.2))</visible>
            </control>
            <control type="image"> 
              <top>-4</top>			                
               <width>40</width>
                <height>40</height>
                <aspectratio align="left">keep</aspectratio>
                <texture diffuse="white">$INFO[ListItem.Property(SubtitleLanguage.3),flagging/color/language/,.png]</texture>
                <visible>!String.IsEmpty(ListItem.Property(SubtitleLanguage.3))</visible>
            </control>
            <control type="image"> 
              <top>-4</top>			                
                <width>40</width>
                <height>40</height>
                <aspectratio align="left">keep</aspectratio>
                <texture diffuse="white">$INFO[ListItem.Property(SubtitleLanguage.4),flagging/color/language/,.png]</texture>
                <visible>!String.IsEmpty(ListItem.Property(SubtitleLanguage.4))</visible>
            </control>
            <control type="image"> 
              <top>-4</top>			                
                <width>40</width>
                <height>40</height>
                <aspectratio align="left">keep</aspectratio>
                <texture diffuse="white">$INFO[ListItem.Property(SubtitleLanguage.5),flagging/color/language/,.png]</texture>
                <visible>!String.IsEmpty(ListItem.Property(SubtitleLanguage.5))</visible>
            </control>
        </control>
			</control>	
				<control type="group">
				    <top>0</top>
                    <left>570</left>
                    <visible>!String.Contains(ListItem.FolderPath,type=person)</visible>					
				   <include>dipingxianposter_bottom</include>
				</control>
				<control type="grouplist">
				                <top>80</top>
                                <left>370</left>
                                <orientation>vertical</orientation>
                                <usecontrolcoords>true</usecontrolcoords>
                                <itemgap>20</itemgap>
								<visible>String.Contains(ListItem.FolderPath,type=person)</visible>	
							<control type="label">
                                <label>$INFO[ListItem.Label]</label>
                                <height>80</height>
                                <aligny>top</aligny>
                                <textcolor>white</textcolor>
                                <font>WeatherTemp</font>
				                <shadowcolor>black</shadowcolor>								
                            </control>
							<control type="image">
							     <top>50</top>
								 <width>50</width>
								 <height>38</height>
                                 <texture>flagging/color/resolution/info.png</texture>
                            </control>
							<control type="label">
                                <top>-57</top>
								<left>60</left>
                                <width>auto</width>
                                <label>$INFO[ListItem.Property(Gender)]  [COLOR=blue]|[/COLOR]  $INFO[ListItem.Property(Age)]岁  [COLOR=blue]|[/COLOR]  $INFO[ListItem.Property(Department)]</label>
                                <height>40</height>
                                <aligny>top</aligny>
                            </control>
							<control type="image">
							     <top>-8</top>
								 <width>50</width>
								 <height>38</height>
                                 <texture>indicator/new.png</texture>
                            </control>
                            <control type="label">
                                <top>-56</top>
								<left>55</left>
                                <width>auto</width>
                                <label>$INFO[ListItem.Property(Born)] ($INFO[ListItem.Property(Birthday)]$INFO[ListItem.Property(Deathday),  -  $LOCALIZE[21897] ,])</label>
                                <height>40</height>
                                <aligny>top</aligny>
                            </control>
							<control type="textbox">
							    <top>0</top>
                                <left>0</left>
					            <width>900</width>
					            <height>495</height>
					            <font>font14</font>
				                <shadowcolor>black</shadowcolor>
					            <align>left</align>
					            <textcolor>white</textcolor>
					            <label>$INFO[ListItem.Plot]</label>
					        <autoscroll time="2000" delay="2000" repeat="4000">true</autoscroll>
				</control>
                            </control>
		<control type="list" id="9000">
            <visible>true</visible>
            <top>480</top>
            <left>1140</left>           
            <height>200</height>
            <width>500</width>
            <itemgap>18</itemgap>
            <orientation>horizontal</orientation>
            <onup>7007</onup>
			<ondown condition="String.Contains(ListItem.FolderPath,type=person)">7007</ondown>
			<ondown condition="System.AddonIsEnabled(plugin.video.themoviedb.helper) + System.HasAddon(plugin.video.themoviedb.helper)">5050</ondown>
			<ondown condition="!System.AddonIsEnabled(plugin.video.themoviedb.helper) | !System.HasAddon(plugin.video.themoviedb.helper)">147</ondown>
			<onleft condition="Skin.HasSetting(hideinfoplot)">7008</onleft>
			<animation effect="slide" start="0,0" end="0,400" condition="String.Contains(ListItem.FolderPath,type=person)">Conditional</animation>
			 <itemlayout height="100" width="100">
				        <control type="image" >					
					        <top>15</top>
							 <left>50</left> 
							<width>50</width>
					        <height>50</height>
					       <texture>$INFO[ListItem.Art(thumb)]</texture>
					        </control>					
				</itemlayout>
				 <focusedlayout height="100" width="280">
					 <control type="image">
								<top>0</top>
								<left>25</left> 
								<height>78</height>
								<align>center</align>
								<aligny>center</aligny>								
								<aspectratio>keep</aspectratio>
								<texture>$INFO[ListItem.Label2]</texture>
								<visible>Control.HasFocus(9000)</visible>
							</control>
							 <control type="image">
								<top>0</top>
								<left>25</left> 
								<height>78</height>
								<align>center</align>
								<aligny>center</aligny>
								<textcolor>grey</textcolor>
								<aspectratio>keep</aspectratio>
								<texture>common/menu_h_off.png</texture>
								<visible>!Control.HasFocus(9000)</visible>
							</control>
						<control type="image" >					
					        <top>15</top>
							<left>50</left> 
							<width>50</width>
					        <height>50</height>
					       <texture>$INFO[ListItem.Art(thumb)]</texture>
					         </control>
							<control type="label">
							    <top>16</top>
							    <left>75</left> 
								<height>46</height>
								<align>center</align>
								<aligny>center</aligny>								
								<label>$INFO[ListItem.Label]</label>
							</control>				
				</focusedlayout>
				<content>	
				<item id="8">
						<label>播放</label>
						<label2>common/menu_h.png</label2>						
						<icon />
						<thumb>common/play.png</thumb>
						<onclick condition="Skin.HasSetting(offresume) | !String.Contains(ListItem.Filename,iso)">sendclick(8)</onclick>
						<onclick condition="!Skin.HasSetting(offresume) + String.Contains(ListItem.Filename,iso)">RunScript(special://skin/scripts/resumeplay.py)</onclick>
						<visible>!String.Contains(ListItem.FolderPath,type=person)</visible>
				</item>
					<item>
						<label>选择海报</label>
						<label2>common/menu_h.png</label2>						
						<icon />
						<thumb>common/image.png</thumb>
						<onclick>SendClick(2003,10)</onclick>
						<visible>!String.Contains(ListItem.FolderPath,type=person)</visible>
					</item>
					<item>
						<label>关联信息</label>
						<label2>common/menu_h.png</label2>						
						<icon />
						<thumb>common/plot.png</thumb>
						<onclick condition="!String.IsEmpty(ListItem.DBID) + String.IsEqual(ListItem.DBType,movie)">RunScript(script.embuary.info,call=movie,dbid=$INFO[ListItem.DBID])</onclick>
				        <onclick condition="!String.IsEmpty(ListItem.DBID) + String.IsEqual(ListItem.DBType,tvshow)">RunScript(script.embuary.info,call=tv,dbid=$INFO[ListItem.DBID])</onclick>
				        <onclick condition="!String.IsEmpty(ListItem.DBID) + String.IsEqual(ListItem.DBType,episode)">RunScript(script.embuary.info,call=tv,query='$ESCINFO[ListItem.TVShowTitle]',year=$INFO[ListItem.Year])</onclick>
						<visible>!String.Contains(ListItem.FolderPath,type=person)</visible>
					</item>
					<item >
						<label>刷新</label>
						<label2>common/menu_h.png</label2>						
						<icon />
						<thumb>common/update.png</thumb>
						<onclick>SendClick(2003,6)</onclick>
						<visible>!String.Contains(ListItem.FolderPath,type=person)</visible>
					</item>
					<item id="443">
						<label>电影集</label>
						<label2>common/menu_h.png</label2>						
						<icon />
						<thumb>common/series.png</thumb>
						<onclick>Dialog.Close(all,true)</onclick>
						<onclick>ActivateWindow(Videos,videodb://movies/sets/$INFO[ListItem.SetId]/?setid=$INFO[ListItem.SetId],return)</onclick>
						<visible>!String.IsEmpty(ListItem.SetID)</visible>
						<visible>!String.Contains(ListItem.FolderPath,type=person)</visible>
				   </item>
				   <item>
						<label>剧集</label>
						<label2>common/menu_h.png</label2>						
						<icon />
						<thumb>common/series.png</thumb>
						<onclick>Dialog.Close(all,true)</onclick>
						<onclick>ActivateWindow(Videos,videodb://tvshows/titles/$INFO[ListItem.TvShowDBID]/$INFO[ListItem.Season]/?tvshowid=$INFO[ListItem.TvShowDBID],return)</onclick>
						<visible>Container.Content(episodes) | Container.Content(musicvideos)</visible>
						<visible>!String.Contains(ListItem.FolderPath,type=person)</visible>
				   </item>
					<item>
						<label>演员详情页</label>
						<label2>common/menu_h.png</label2>						
						<icon />
						<thumb>common/plot.png</thumb>
						<onclick>SetFocus(7007)</onclick>
						<visible>String.Contains(ListItem.FolderPath,type=person)</visible>	
					</item>
					<item>
						<label>我的评分</label>
						<label2>common/menu_h.png</label2>						
						<icon />
						<thumb>common/rating.png</thumb>
                        <onclick>SendClick(2003,7)</onclick>						
					</item>
					<item>
						<label>版本</label>
						<label2>common/menu_h.png</label2>						
						<icon />
						<thumb>common/version.png</thumb>
 						<onclick>SendClick(2003,14)</onclick>
						<visible>!String.Contains(ListItem.FolderPath,type=person)</visible>
					</item>
					</content>
           
				</control>
		<control type="group">
				     <left>-400</left>
					 <top>980</top>
					 <width>1900</width>
					<visible>!String.Contains(ListItem.FolderPath,type=person)</visible>
					<visible>!Skin.HasSetting(filepathon)</visible>
						<control type="image" >					
					        <left>182</left>
					        <top></top>
					        <width>43</width>
					        <height>43</height>
					        <texture colordiffuse="white">common/file.png</texture>
					        <visible>!String.IsEmpty(ListItem.FilenameAndPath)</visible>
					         </control>
						<control type="label">
								<left>60</left>
								<top>0</top>
								<width>240</width>
								<height>45</height>
								<font>font13</font>
				                <shadowcolor>black</shadowcolor>
								<align>right</align>
								<aligny>center</aligny>
								<textcolor>blue</textcolor>
								<selectedcolor>selected</selectedcolor>
								<label>路径:</label>
								<visible>!String.IsEmpty(ListItem.FilenameAndPath)</visible>
							</control>
							
							<control type="textbox">
								<left>307</left>
								<top>5</top>
								<width>1570</width>
								<height>50</height>
								<font>font8</font>
				                <shadowcolor>black</shadowcolor>
								<align>left</align>
								<aligny>center</aligny>
								<textcolor>grey</textcolor>
								<autoscroll time="1000" delay="1000" repeat="2000">true</autoscroll>
				
								<label>$INFO[ListItem.FilenameAndPath]</label>
								<visible>!String.IsEmpty(ListItem.FilenameAndPath)</visible>
							</control>
							</control>
		<control type="group">
			<left>1270</left>
			<top>595</top>
			<height>60</height>
                <width>60</width>
				<nested />
				<visible>!String.Contains(ListItem.FolderPath,type=person)</visible>
            <control type="label">
                <left>-40</left>
				<top>-15</top>
                <font>font10</font>
				<shadowcolor>black</shadowcolor>
                <label>$LOCALIZE[20339]</label>
                <textcolor>white</textcolor>
                <height>30</height>
                <width>280</width>
                <nested />
            </control>
			<control type="image">
				<left>-8</left>
				<top>-11</top>
				<width>80</width>
				<height>80</height>
				<texture colordiffuse="blue">indicator/circle-fo.png</texture>
				<visible>Control.HasFocus(147)</visible>
			</control>
			<control type="image">
				<top>-1</top>
				<left>2</left>
				<width>60</width>
				<height>60</height>
				<texture diffuse="diffuse/circle.png" fallback="defaultactor.png">$VAR[Image_OSD_DirectorIcon]</texture>
				<aspectratio scalediffuse="false">scale</aspectratio>
				<visible>!System.AddonIsEnabled(plugin.video.themoviedb.helper) | !System.HasAddon(plugin.video.themoviedb.helper)</visible>
			</control>
			<control type="button" id="147">
				    <left>62</left>
				    <top>13</top>
					<width min="15" max="400">auto</width>
					<height>30</height>
					<onup condition="!System.AddonIsEnabled(plugin.video.themoviedb.helper) | !System.HasAddon(plugin.video.themoviedb.helper)">9000</onup>
					<ondown condition="!System.AddonIsEnabled(plugin.video.themoviedb.helper) | !System.HasAddon(plugin.video.themoviedb.helper)">50</ondown>
					<font>font11</font>
				    <shadowcolor>black</shadowcolor>
					<textcolor>white</textcolor>
					<focusedcolor>blue</focusedcolor>
					<texturefocus />
					<texturenofocus />
					<scroll>true</scroll>
					<align>left</align>
					<aligny>center</aligny>
					<label>$INFO[listitem.Director]</label>
					<onclick>SendClick(2003,13)</onclick>	
					<onright condition="System.AddonIsEnabled(script.embuary.info)">RunScript(script.embuary.info,call=person,query='$ESCINFO[ListItem.Director]')</onright>
					<visible>!System.AddonIsEnabled(plugin.video.themoviedb.helper) | !System.HasAddon(plugin.video.themoviedb.helper)</visible>
                </control>
				<control type="label">
                <left>-40</left>
				<top>80</top>
                <font>font10</font>
				<shadowcolor>black</shadowcolor>
                <label>演员</label>
                <textcolor>white</textcolor>
                <height>30</height>
                <width>280</width>
                <nested />
            </control>
			<control type="label">
                <left>-70</left>
				<top>-40</top>
                <font>font6</font>
		        <shadowcolor>black</shadowcolor>
                <label>(按"上"键查看影片扩展信息)</label>
                <textcolor>white</textcolor>
                <height>30</height>
                <width>280</width>
                <nested />
            </control>				
            <control type="label">
                <left>10</left>
				<top>373</top>
                <font>font6</font>
				<shadowcolor>black</shadowcolor>
                <label>(选择头像按"右"键查看信息)</label>
                <textcolor>grey2</textcolor>
                <height>30</height>
                <width>280</width>
                <nested />
            </control>					
			</control>
			<control type="fixedlist" id="5050">
					<left>950</left>
			        <top>565</top>
					<width>600</width>
					<height>310</height>
					<onup>9000</onup>
					<ondown condition="Integer.IsGreater(Container(50).NumItems,0)">50</ondown>
					<ondown condition="Integer.IsEqual(Container(50).NumItems,0)">5051</ondown>	
					<onclick>SendClick(2003,13)</onclick>	
					<onright condition="System.AddonIsEnabled(script.embuary.info)">RunScript(script.embuary.info,call=person,query='$ESCINFO[ListItem.Director]')</onright>
					<scrolltime>200</scrolltime>
					<animation effect="slide" start="0" end="95,0" time="300" tween="quadratic" easing="out" condition="Control.HasFocus(5050)">Conditional</animation>
					<visible>System.AddonIsEnabled(plugin.video.themoviedb.helper) + System.HasAddon(plugin.video.themoviedb.helper)</visible>
					<visible>!String.Contains(ListItem.FolderPath,type=person)</visible>
					<itemlayout height="70" width="225" condition="!Container.Content(Sets)">
						<control type="group">
							<left>300</left>
							<top>10</top>
							<control type="image">
								<top>20</top>
								<left>20</left>
								<width>60</width>
								<height>60</height>
								<texture fallback="defaultactor.png" background="true" diffuse="diffuse/circle.png">$INFO[ListItem.Thumb]</texture>
								<aspectratio scalediffuse="false">scale</aspectratio>
							</control>
							<control type="label">
								<left>90</left>
								<width min="15" max="400">auto</width>
								<height>67</height>
								<top>15</top>
								<align>left</align>
								<aligny>center</aligny>
								<font>font11</font>
				                <shadowcolor>black</shadowcolor>
								<textcolor>white</textcolor>
								<label>$INFO[ListItem.Label]</label>
							</control>
						</control>
					</itemlayout>
					<focusedlayout height="70" width="225" condition="!Container.Content(Sets)">
						<control type="group">
							<left>300</left>
							<top>10</top>
							<control type="image">
								<left>10</left>
								<top>10</top>
								<width>80</width>
								<height>80</height>
								<texture colordiffuse="blue">indicator/circle-fo.png</texture>
								<visible>Control.HasFocus(5050)</visible>
							</control>
							<control type="image">
								<top>20</top>
								<left>20</left>
								<width>60</width>
								<height>60</height>
								<texture  fallback="defaultactor.png" background="true" diffuse="diffuse/circle.png">$INFO[ListItem.Thumb]</texture>
								<aspectratio scalediffuse="false">scale</aspectratio>
							</control>
							<control type="label">
								<left>90</left>
								<width min="15" max="400">auto</width>
								<height>67</height>
								<top>15</top>
								<align>left</align>
								<aligny>center</aligny>
								<font>font11</font>
				                <shadowcolor>black</shadowcolor>
								<textcolor>white</textcolor>
								<label>$INFO[ListItem.Label]</label>
								<visible>!Control.HasFocus(5050)</visible>
							</control>
							<control type="label">
								<left>90</left>
								<width min="15" max="400">auto</width>
								<height>67</height>
								<top>15</top>
								<align>left</align>
								<aligny>center</aligny>
								<font>font11</font>
				                <shadowcolor>black</shadowcolor>
								<textcolor>blue</textcolor>
								<label>$INFO[ListItem.Label]</label>
								<visible>Control.HasFocus(5050)</visible>
							</control>
							<control type="image">
								<top>34</top>
								<left>-200</left>
								<width>195</width>
								<height>260</height>
								<texture fallback="defaultactor.png" background="true" diffuse="diffuse/poster_w217_h310.png">$INFO[ListItem.Thumb]</texture>
								<aspectratio aligny="center">keep</aspectratio>
								<fadetime>300</fadetime>
								<visible>Control.HasFocus(5050)</visible>
							</control>
						</control>
					</focusedlayout>
					 <content limit="1">$VAR[Path_FromDirector,plugin://plugin.video.themoviedb.helper/?info=details&amp;type=person]</content>
					</control>
				<control type="fixedlist" id="50">
					<left>950</left>
			        <top>660</top>
					<width>910</width>
					<height>310</height>
					<onup condition="System.AddonIsEnabled(plugin.video.themoviedb.helper) + System.HasAddon(plugin.video.themoviedb.helper)">5050</onup>
					<onup condition="!System.AddonIsEnabled(plugin.video.themoviedb.helper) | !System.HasAddon(plugin.video.themoviedb.helper)">147</onup>
                    <ondown>9000</ondown>
                    <onback>9000</onback>								
					<onright condition="System.AddonIsEnabled(script.embuary.info) + Control.HasFocus(50) + !String.IsEqual(ListItem.DBType,set)">RunScript(script.embuary.info,call=person,query='$ESCINFO[Container(50).ListItem.Label]')</onright>
					<scrolltime>200</scrolltime>
					<animation effect="slide" start="0" end="95,0" time="300" tween="quadratic" easing="out" condition="Control.HasFocus(50) | Control.HasFocus(5050)">Conditional</animation>
					<itemlayout height="70" width="225" condition="!Container.Content(Sets)">
						<control type="group">
							<left>300</left>
							<top>10</top>
							<control type="image">
								<top>20</top>
								<left>20</left>
								<width>60</width>
								<height>60</height>
								<texture fallback="defaultactor.png" background="true" diffuse="diffuse/circle.png">$INFO[ListItem.Thumb]</texture>
								<aspectratio scalediffuse="false">scale</aspectratio>
							</control>
							<control type="label">
								<left>90</left>
								<width>209</width>
								<height>67</height>
								<top>5</top>
								<align>left</align>
								<aligny>center</aligny>
								<font>font10</font>
				                <shadowcolor>black</shadowcolor>
								<textcolor>white</textcolor>
								<label>$INFO[ListItem.Label]</label>
							</control>
							<control type="label">
								<left>90</left>
								<width>209</width>
								<height>67</height>
								<top>30</top>
								<align>left</align>
								<aligny>center</aligny>
								<font>font10</font>
				                <shadowcolor>black</shadowcolor>
								<textcolor>grey2</textcolor>
								<label>饰:$INFO[ListItem.Label2]</label>
							</control>
						</control>
					</itemlayout>
					<focusedlayout height="70" width="225" condition="!Container.Content(Sets)">
						<control type="group">
							<left>300</left>
							<top>10</top>
							<control type="image">
								<left>10</left>
								<top>10</top>
								<width>80</width>
								<height>80</height>
								<texture colordiffuse="blue">indicator/circle-fo.png</texture>
								<visible>Control.HasFocus(50)</visible>
							</control>
							<control type="image">
								<top>20</top>
								<left>20</left>
								<width>60</width>
								<height>60</height>
								<texture  fallback="defaultactor.png" background="true" diffuse="diffuse/circle.png">$INFO[ListItem.Thumb]</texture>
								<aspectratio scalediffuse="false">scale</aspectratio>
							</control>
							<control type="label">
								<left>90</left>
								<width>209</width>
								<height>67</height>
								<top>5</top>
								<align>left</align>
								<aligny>center</aligny>
								<font>font10</font>
				                <shadowcolor>black</shadowcolor>
								<textcolor>white</textcolor>
								<label>$INFO[ListItem.Label]</label>
								<visible>!Control.HasFocus(50)</visible>
							</control>
							<control type="label">
								<left>90</left>
								<width>209</width>
								<height>67</height>
								<top>30</top>
								<align>left</align>
								<aligny>center</aligny>
								<font>font10</font>
				                <shadowcolor>black</shadowcolor>
								<textcolor>grey2</textcolor>
								<label>饰:$INFO[ListItem.Label2]</label>
								<visible>!Control.HasFocus(50)</visible>
							</control>
							<control type="label">
								<left>90</left>
								<width>209</width>
								<height>67</height>
								<top>5</top>
								<align>left</align>
								<aligny>center</aligny>
								<font>font10</font>
				                <shadowcolor>black</shadowcolor>
								<textcolor>blue</textcolor>
								<label>$INFO[ListItem.Label]</label>
								<visible>Control.HasFocus(50)</visible>
							</control>
							<control type="label">
								<left>90</left>
								<width>209</width>
								<height>67</height>
								<top>30</top>
								<align>left</align>
								<aligny>center</aligny>
								<font>font10</font>
				                <shadowcolor>black</shadowcolor>
								<textcolor>lightblue</textcolor>
								<label>饰:$INFO[ListItem.Label2]</label>
								<visible>Control.HasFocus(50)</visible>
							</control>
							<control type="image">
								<top>34</top>
								<left>-200</left>
								<width>195</width>
								<height>260</height>
								<texture fallback="defaultactor.png" background="true" diffuse="diffuse/poster_w217_h310.png">$INFO[ListItem.Thumb]</texture>
								<aspectratio aligny="center">keep</aspectratio>
								<fadetime>300</fadetime>
								<visible>Control.HasFocus(50)</visible>
							</control>
						</control>
					</focusedlayout>
					</control>
					<control type="fixedlist" id="5051">
					<left>950</left>
			        <top>660</top>
					<width>910</width>
					<height>310</height>
					<onup condition="System.AddonIsEnabled(plugin.video.themoviedb.helper) + System.HasAddon(plugin.video.themoviedb.helper)">5050</onup>
					<onup condition="!System.AddonIsEnabled(plugin.video.themoviedb.helper) | !System.HasAddon(plugin.video.themoviedb.helper)">147</onup>
                    <ondown>9000</ondown>
                    <onback>9000</onback>								
					<onright condition="System.AddonIsEnabled(script.embuary.info) + Control.HasFocus(5051) + !String.IsEqual(ListItem.DBType,set)">RunScript(script.embuary.info,call=person,query='$ESCINFO[Container(5051).ListItem.Label]')</onright>
					<scrolltime>200</scrolltime>
					<animation effect="slide" start="0" end="95,0" time="300" tween="quadratic" easing="out" condition="Control.HasFocus(5051) | Control.HasFocus(5050)">Conditional</animation>
					<visible>Integer.IsEqual(Container(50).NumItems,0)</visible>
					<visible>!String.Contains(ListItem.FolderPath,type=person)</visible>
					<itemlayout height="70" width="225" condition="!Container.Content(Sets)">
						<control type="group">
							<left>300</left>
							<top>10</top>
							<control type="image">
								<top>20</top>
								<left>20</left>
								<width>60</width>
								<height>60</height>
								<texture fallback="defaultactor.png" background="true" diffuse="diffuse/circle.png">$INFO[ListItem.Thumb]</texture>
								<aspectratio scalediffuse="false">scale</aspectratio>
							</control>
							<control type="label">
								<left>90</left>
								<width>209</width>
								<height>67</height>
								<top>5</top>
								<align>left</align>
								<aligny>center</aligny>
								<font>font10</font>
				                <shadowcolor>black</shadowcolor>
								<textcolor>white</textcolor>
								<label>$INFO[ListItem.Label]</label>
							</control>
							<control type="label">
								<left>90</left>
								<width>209</width>
								<height>67</height>
								<top>30</top>
								<align>left</align>
								<aligny>center</aligny>
								<font>font10</font>
				                <shadowcolor>black</shadowcolor>
								<textcolor>grey2</textcolor>
								<label>饰:$INFO[ListItem.Label2]</label>
							</control>
						</control>
					</itemlayout>
					<focusedlayout height="70" width="225" condition="!Container.Content(Sets)">
						<control type="group">
							<left>300</left>
							<top>10</top>
							<control type="image">
								<left>10</left>
								<top>10</top>
								<width>80</width>
								<height>80</height>
								<texture colordiffuse="blue">indicator/circle-fo.png</texture>
								<visible>Control.HasFocus(5051)</visible>
							</control>
							<control type="image">
								<top>20</top>
								<left>20</left>
								<width>60</width>
								<height>60</height>
								<texture  fallback="defaultactor.png" background="true" diffuse="diffuse/circle.png">$INFO[ListItem.Thumb]</texture>
								<aspectratio scalediffuse="false">scale</aspectratio>
							</control>
							<control type="label">
								<left>90</left>
								<width>209</width>
								<height>67</height>
								<top>5</top>
								<align>left</align>
								<aligny>center</aligny>
								<font>font10</font>
				                <shadowcolor>black</shadowcolor>
								<textcolor>white</textcolor>
								<label>$INFO[ListItem.Label]</label>
								<visible>!Control.HasFocus(5051)</visible>
							</control>
							<control type="label">
								<left>90</left>
								<width>209</width>
								<height>67</height>
								<top>30</top>
								<align>left</align>
								<aligny>center</aligny>
								<font>font10</font>
				                <shadowcolor>black</shadowcolor>
								<textcolor>grey2</textcolor>
								<label>饰:$INFO[ListItem.Label2]</label>
								<visible>!Control.HasFocus(5051)</visible>
							</control>
							<control type="label">
								<left>90</left>
								<width>209</width>
								<height>67</height>
								<top>5</top>
								<align>left</align>
								<aligny>center</aligny>
								<font>font10</font>
				                <shadowcolor>black</shadowcolor>
								<textcolor>blue</textcolor>
								<label>$INFO[ListItem.Label]</label>
								<visible>Control.HasFocus(5051)</visible>
							</control>
							<control type="label">
								<left>90</left>
								<width>209</width>
								<height>67</height>
								<top>30</top>
								<align>left</align>
								<aligny>center</aligny>
								<font>font10</font>
				                <shadowcolor>black</shadowcolor>
								<textcolor>lightblue</textcolor>
								<label>饰:$INFO[ListItem.Label2]</label>
								<visible>Control.HasFocus(5051)</visible>
							</control>
							<control type="image">
								<top>34</top>
								<left>-200</left>
								<width>195</width>
								<height>260</height>
								<texture fallback="defaultactor.png" background="true" diffuse="diffuse/poster_w217_h310.png">$INFO[ListItem.Thumb]</texture>
								<aspectratio aligny="center">keep</aspectratio>
								<fadetime>300</fadetime>
								<visible>Control.HasFocus(5051)</visible>
							</control>
						</control>
					</focusedlayout>
					<content>$VAR[Path_info_Cast]</content>
					</control>
				</control>
		   </control>
		<!--include>PosterWrapView</include-->
	</controls>
</window>
