<keymap>
  <global>
     <keyboard>
	   <key id="61656">contextmenu</key>
	   <key id="61952">activatewindowandfocus(systemsettings, -193,0, -174,2)</key>
	   <key id="61588">back</key>
	   <key id="61620">back</key>
	   <key id="61634">runaddon(script.globalsearch)</key>
	 </keyboard>
  </global>
  <Home>
    <keyboard>
      <backspace mod="longpress">ActivateWindow(ShutdownMenu)</backspace>
	  <browser_back mod="longpress">ActivateWindow(ShutdownMenu)</browser_back>
	  <escape mod="longpress">ActivateWindow(ShutdownMenu)</escape>
    </keyboard>
  </Home>
  <Settings>
    <keyboard>
      <key id="61952">back</key>
    </keyboard>
  </Settings>
  <playerprocessinfo>
    <keyboard>
      <key id="61656">playerprocessinfo</key>
    </keyboard>
  </playerprocessinfo>
  <visualisation>
     <keyboard>
	   <browser_back>ActivateWindow(1126)</browser_back>
	   <backspace>ActivateWindow(1126)</backspace>
	   <escape>ActivateWindow(1126)</escape>
	 </keyboard>
  </visualisation>
  <fullscreenvideo>
    <keyboard>
	  <key id="61626">skipnext</key>
	  <key id="61627">skipprevious</key>
	  <key id="61568">subtitleshiftup</key>
	  <key id="61569">subtitleshiftdown</key>
	  <browser_back>ActivateWindow(1126)</browser_back>
	  <backspace>ActivateWindow(1126)</backspace>
	  <escape>ActivateWindow(1126)</escape>
	  <key id="61656" mod="longpress">playerdebug</key>
	  <key id="61952">activatewindow(settings)</key>
	  <key id="61656">playerprocessinfo</key>
	  <key id="61588">activatewindow(1144)</key>
	  <key id="61588" mod="longpress">activatewindow(1145)</key>
	  <key id="61620">activatewindow(1144)</key>
	  <key id="61620" mod="longpress">activatewindow(1145)</key>
	</keyboard>
  </fullscreenvideo>
  <fullscreenlivetv>
    <keyboard>
	  <browser_back>ActivateWindow(1126)</browser_back>
	  <backspace>ActivateWindow(1126)</backspace>
	  <escape>ActivateWindow(1126)</escape>
	</keyboard>
  </fullscreenlivetv>
  <musicosd>
    <keyboard>
	  <browser_back>ActivateWindow(1126)</browser_back>
	  <backspace>ActivateWindow(1126)</backspace>
	  <escape>ActivateWindow(1126)</escape>
	</keyboard>
  </musicosd>
  <videoosd>
    <keyboard>
	  <key id="61588">activatewindow(1144)</key>
	  <key id="61588" mod="longpress">activatewindow(1145)</key>
	  <key id="61620">activatewindow(1144)</key>
	  <key id="61620" mod="longpress">activatewindow(1145)</key>
	</keyboard>
  </videoosd>
  <OSDAudioSettings>
    <keyboard>
      <key id="61588">activatewindowandfocus(osdaudiosettings, -176,0)</key>
	  <key id="61620">activatewindowandfocus(osdaudiosettings, -176,0)</key>
    </keyboard>
  </OSDAudioSettings>
  <osdsubtitlesettings>
    <keyboard>
      <key id="61588">activatewindowandfocus(osdsubtitlesettings, -178,0)</key>
	  <key id="61620">activatewindowandfocus(osdsubtitlesettings, -178,0)</key>
    </keyboard>
  </osdsubtitlesettings>
 </keymap>