<?xml version="1.0" encoding="UTF-8"?>
<window type="buttonMenu">
	<defaultcontrol>9001</defaultcontrol>
	<include>dialogeffect</include>
	<coordinates>
		<left>0</left>
		<top>0</top>
	</coordinates>
	<controls>
		<control type="button" id="9001">
			<description>Make sure we hit the first button in the group list and not the close window button</description>
			<left>-24</left>
			<top>-24</top>
			<width>6</width>
			<height>6</height>
			<label />
			<font />
			<onfocus>down</onfocus>
			<texturefocus />
			<texturenofocus />
			<onleft>9000</onleft>
			<onright>9000</onright>
			<onup>9000</onup>
			<ondown>9000</ondown>
		</control>
		<control type="image">
			<left>0</left>
			<top>0</top>
			<width>1920</width>
			<height>1080</height>
			<texture colordiffuse="$VAR[transselect1]">black-back.png</texture>
		</control>
		<control type="group">
		       <left>705</left>
			   <width>510</width>
			   <top>275</top>
                    <animation effect="slide" start="0" end="0,30" condition="Integer.IsEqual(Container(9000).NumItems,5)">Conditional</animation>
					 <control type="image">
                          <texture border="16" colordiffuse="$VAR[transselect1]">common/dialog.png</texture>
						  <height>460</height>
                          <visible>Integer.IsEqual(Container(9000).NumItems,6)</visible>
                    </control>	
                     <control type="image">
                          <texture border="16" colordiffuse="$VAR[transselect1]">common/dialog.png</texture>
						  <height>400</height>
                          <visible>Integer.IsEqual(Container(9000).NumItems,5)</visible>
                    </control>
                   	<control type="label">
                     <label>      关机菜单</label>
					 <top>10</top>
					 <left>0</left>
					 <width>510</width>
					 <height>50</height>
                     <font>font14</font>
					 <align>left</align>
                     <aligny>center</aligny>
                    <textcolor>blue</textcolor>
                </control> 
                    <control type="image">
					 <top>10</top>
					 <left>370</left>
					 <height>50</height>
                    <width>128</width>
                        <bordersize>0</bordersize>
                        <texture>logo.png</texture>
                    </control>
					 <control type="image">
                    <top>70</top>
                    <height>1</height>
                    <left>10</left>
                    <right>10</right>
                    <texture colordiffuse="white">common/white.png</texture>
                </control>
			</control>
		<control type="grouplist" id="9000">
			<left>705</left>
			<top>0</top>
			<width>510</width>
			<height>1080</height>
			<onleft>9000</onleft>
			<onright>9000</onright>
			<onup>9000</onup>
			<ondown>9000</ondown>
			<itemgap>0</itemgap>
			<align>center</align>
			<usecontrolcoords>true</usecontrolcoords>
			<control type="button" id="2">
				<description>Exit button</description>
				<left>10</left>
				<width>490</width>
				<height>60</height>
				<textcolor>grey2</textcolor>
				<focusedcolor>white</focusedcolor>
				<align>left</align>
				<textwidth>435</textwidth>
				<texturefocus>MenuItemFOnew.png</texturefocus>
				<texturenofocus>menuitemnf.png</texturenofocus>
				<onclick>Quit()</onclick>
				<pulseonselect>false</pulseonselect>
				<font>font13</font>
				<label>     退出KODI</label>
				<visible>System.ShowExitButton</visible>
			</control>
			<control type="button" id="3">
				<description>Shutdown button</description>
				<left>10</left>
				<width>490</width>
				<height>60</height>
				<textcolor>grey2</textcolor>
				<focusedcolor>white</focusedcolor>
				<align>left</align>
				<textwidth>435</textwidth>
				<texturefocus>MenuItemFOnew.png</texturefocus>
				<texturenofocus>menuitemnf.png</texturenofocus>
				<onclick>Powerdown()</onclick>
				<visible>System.CanPowerDown</visible>
				<pulseonselect>false</pulseonselect>
				<font>font13</font>
				<label>     关闭系统电源</label>
			</control>
			<control type="button" id="85">
				<description>Reboot skin</description>
				<left>10</left>
				<width>490</width>
				<height>60</height>
				<textcolor>grey2</textcolor>
				<focusedcolor>white</focusedcolor>
				<align>left</align>
				<textwidth>435</textwidth>
				<texturefocus>MenuItemFOnew.png</texturefocus>
				<texturenofocus>menuitemnf.png</texturenofocus>
                <onclick>ReloadSkin()</onclick>
				<pulseonselect>false</pulseonselect>
				<font>font13</font>
				<label>     重新载入皮肤</label>
			</control>
			<control type="button" id="4">
				<description>Custom Shutdown Timer</description>
				<left>10</left>
				<width>490</width>
				<height>60</height>
				<textcolor>grey2</textcolor>
				<focusedcolor>white</focusedcolor>
				<align>left</align>
				<textwidth>435</textwidth>
				<texturefocus>MenuItemFOnew.png</texturefocus>
				<texturenofocus>menuitemnf.png</texturenofocus>
				<onclick>RunScript(special://skin/scripts/cetranscpm.py)</onclick>
				<pulseonselect>false</pulseonselect>
				<font>font13</font>
				<label>     CPM与原版CE切换</label>
			</control>
			<!--control type="button" id="5">
				<description>Cancel Shutdown Timer</description>
				<left>10</left>
				<width>490</width>
				<height>60</height>
				<textcolor>grey2</textcolor>
				<focusedcolor>white</focusedcolor>
				<align>center</align>
				<textwidth>435</textwidth>
				<texturefocus>MenuItemFOnew.png</texturefocus>
				<texturenofocus>menuitemnf.png</texturenofocus>
				<onclick>CancelAlarm(shutdowntimer)</onclick>
				<pulseonselect>false</pulseonselect>
				<font>font13</font>
				<label>20151</label>
				<visible>System.HasAlarm(shutdowntimer)</visible>
			</control>
			<control type="button" id="6">
				<description>Suspend button</description>
				<left>10</left>
				<width>490</width>
				<height>60</height>
				<textcolor>grey2</textcolor>
				<focusedcolor>white</focusedcolor>
				<align>center</align>
				<textwidth>435</textwidth>
				<texturefocus>MenuItemFOnew.png</texturefocus>
				<texturenofocus>menuitemnf.png</texturenofocus>
				<onclick>Suspend()</onclick>
				<visible>System.CanSuspend</visible>
				<pulseonselect>false</pulseonselect>
				<font>font13</font>
				<label>13011</label>
			</control>
			<control type="button" id="7">
				<description>Hibernate button</description>
				<left>10</left>
				<width>490</width>
				<height>60</height>
				<textcolor>grey2</textcolor>
				<focusedcolor>white</focusedcolor>
				<align>center</align>
				<textwidth>435</textwidth>
				<texturefocus>MenuItemFOnew.png</texturefocus>
				<texturenofocus>menuitemnf.png</texturenofocus>
				<onclick>Hibernate()</onclick>
				<visible>System.CanHibernate</visible>
				<pulseonselect>false</pulseonselect>
				<font>font13</font>
				<label>13010</label>
			</control-->
			<control type="button" id="8">
				<description>Reboot button</description>
				<left>10</left>
				<width>490</width>
				<height>60</height>
				<textcolor>grey2</textcolor>
				<focusedcolor>white</focusedcolor>
				<align>left</align>
				<textwidth>435</textwidth>
				<texturefocus>MenuItemFOnew.png</texturefocus>
				<texturenofocus>menuitemnf.png</texturenofocus>
				<onclick>Reset()</onclick>
				<visible>System.CanReboot</visible>
				<pulseonselect>false</pulseonselect>
				<font>font13</font>
				<label>     断电重启</label>
			</control>
			<!--control type="button" id="9">
				<description>Logoff button</description>
				<left>10</left>
				<width>490</width>
				<height>60</height>
				<textcolor>grey2</textcolor>
				<focusedcolor>white</focusedcolor>
				<align>center</align>
				<textwidth>435</textwidth>
				<texturefocus>MenuItemFOnew.png</texturefocus>
				<texturenofocus>menuitemnf.png</texturenofocus>
				<onclick>dialog.close(all,true)</onclick>
				<onclick>System.LogOff</onclick>
				<pulseonselect>false</pulseonselect>
				<font>font13</font>
				<label>$LOCALIZE[20126] $INFO[system.profilename]</label>
				<visible>System.HasLoginScreen | Integer.IsGreater(System.ProfileCount,1)</visible>
				<visible>System.Loggedon</visible>
			</control>
			<control type="togglebutton" id="10">
				<description>Master mode button</description>
				<left>10</left>
				<width>490</width>
				<height>60</height>
				<label>20046</label>
				<altlabel>20045</altlabel>
				<align>center</align>
				<aligny>center</aligny>
				<textwidth>435</textwidth>
				<textcolor>grey2</textcolor>
				<focusedcolor>white</focusedcolor>
				<texturefocus>MenuItemFOnew.png</texturefocus>
				<texturenofocus>menuitemnf.png</texturenofocus>
				<usealttexture>!System.IsMaster</usealttexture>
				<alttexturefocus border="25,5,25,5">ShutdownButtonFocus.png</alttexturefocus>
				<alttexturenofocus border="25,5,25,5">ShutdownButtonNoFocus.png</alttexturenofocus>
				<onclick>mastermode</onclick>
				<pulseonselect>false</pulseonselect>
				<font>font13</font>
				<visible>System.HasLocks</visible>
			</control>
			<control type="group" id="11">
				<left>10</left>
				<width>490</width>
				<height>105</height>
				<visible>System.HasAlarm(shutdowntimer)</visible>
				<control type="image">
					<description>background top image</description>
					<left>0</left>
					<top>0</top>
					<width>490</width>
					<height>105</height>
					<texture border="25,5,25,5">DialogContextMiddle.png</texture>
				</control>
				<control type="textbox">
					<left>38</left>
					<top>33</top>
					<width>435</width>
					<height>72</height>
					<font>font12</font>
					<textcolor>white</textcolor>
					<shadowcolor>black</shadowcolor>
					<align>center</align>
					<label>$LOCALIZE[31329] [B]$INFO[System.Alarmpos][/B]</label>
				</control>
			</control>
			<control type="button" id="12">
				<description>Inhibit idle shutdown</description>
				<left>10</left>
				<width>490</width>
				<height>60</height>
				<textcolor>grey2</textcolor>
				<focusedcolor>white</focusedcolor>
				<align>center</align>
				<textwidth>435</textwidth>
				<texturefocus>MenuItemFOnew.png</texturefocus>
				<texturenofocus>menuitemnf.png</texturenofocus>
				<onclick>InhibitIdleShutdown(true)</onclick>
				<pulseonselect>false</pulseonselect>
				<font>font13</font>
				<label>13017</label>
				<visible>System.HasShutdown +!System.IsInhibit</visible>
			</control-->			
			<control type="button" id="13">
				<description>Reboot to android</description>
				<left>10</left>
				<width>490</width>
				<height>60</height>
				<textcolor>grey2</textcolor>
				<focusedcolor>white</focusedcolor>
				<align>left</align>
				<textwidth>435</textwidth>
				<texturefocus>MenuItemFOnew.png</texturefocus>
				<texturenofocus>menuitemnf.png</texturenofocus>
				<onclick>System.ExecWait("/usr/sbin/rebootfromnand")</onclick>
				<onclick>Reset()</onclick>
				<pulseonselect>false</pulseonselect>
				<font>font13</font>
				<label>     重启到安卓系统</label>
			</control>
		</control>
        <control type="group">
		    <left>705</left>
			   <top>275</top>
                    <animation effect="slide" start="0" end="0,-30" condition="Integer.IsEqual(Container(9000).NumItems,5)">Conditional</animation>
			      <control type="image">
				    <top>79</top>
					 <left>400</left>
					 <height>70</height>
					 <width>70</width>
                     <texture>common\exit.png</texture>
					 <visible>Control.hasfocus(2)</visible>
                  </control>
				  <control type="image">
				    <top>79</top>
					 <left>400</left>
					 <height>70</height>
					 <width>70</width>
                     <texture colordiffuse="grey2">common\exit.png</texture>
					 <visible>Control.IsVisible(2) + !Control.hasfocus(2)</visible>
                  </control>
				  <control type="image">
				    <top>139</top>
					 <left>397</left>
					  <height>70</height>
					 <width>70</width>
                     <texture>common\power.png</texture>
					 <visible>Control.hasfocus(3)</visible>
                  </control>
				  <control type="image">
				    <top>139</top>
					 <left>397</left>
					  <height>70</height>
					 <width>70</width>
                     <texture colordiffuse="grey2">common\power.png</texture>
					 <visible>!Control.hasfocus(3)</visible>
                  </control>
				  <control type="image">
				    <top>200</top>
					 <left>398</left>
					  <height>68</height>
					 <width>68</width>
                     <texture>common\skinreload.png</texture>
					 <visible>Control.hasfocus(85)</visible>
                  </control>
				  <control type="image">
				    <top>200</top>
					 <left>398</left>
					  <height>68</height>
					 <width>68</width>
                     <texture colordiffuse="grey2">common\skinreload.png</texture>
					 <visible>!Control.hasfocus(85)</visible>
                  </control>
				  <control type="image">
				    <top>259</top>
					 <left>397</left>
					  <height>70</height>
					 <width>70</width>
                     <texture>common\reboot.png</texture>
					 <visible>Control.hasfocus(4)</visible>
                  </control>
				  <control type="image">
				     <top>259</top>
					 <left>397</left>
					  <height>70</height>
					 <width>70</width>
                     <texture colordiffuse="grey2">common\reboot.png</texture>
					 <visible>!Control.hasfocus(4)</visible>
                  </control>
				  <control type="image">
				    <top>319</top>
					 <left>397</left>
					 <height>70</height>
					 <width>70</width>
                     <texture>common\fastroot.png</texture>
					 <visible>Control.hasfocus(8)</visible>
                  </control>
				  <control type="image">
				    <top>319</top>
					 <left>397</left>
					 <height>70</height>
					 <width>70</width>
                     <texture colordiffuse="grey2">common\fastroot.png</texture>
					 <visible>!Control.hasfocus(8)</visible>
                  </control>
				   <control type="image">
				    <top>379</top>
					 <left>397</left>
					  <height>70</height>
					 <width>70</width>
                     <texture>common\android.png</texture>
					 <visible>Control.hasfocus(13)</visible>
                  </control>
				  <control type="image">
				    <top>379</top>
					 <left>397</left>
					 <height>70</height>
					 <width>70</width>
                     <texture colordiffuse="grey2">common\android.png</texture>
					 <visible>!Control.hasfocus(13)</visible>
                  </control>
		</control>
	</controls>
</window>
