<?xml version="1.0" encoding="UTF-8"?>
<window type="dialog" id="1145">
    <defaultcontrol always="true">11451</defaultcontrol>
	<onload condition="Skin.HasSetting(popautopause) + !Player.Paused">Pause</onload>
	<onunload condition="Player.Paused">PlayerControl(Play)</onunload>
      <controls>
	   <control type="button" id="11451">
                <nested />
                <top>-1000</top>
                <left>-1000</left>
                <width>1</width>
                <height>1</height>
                <texturefocus />
                <texturenofocus />
                <font />
                <visible allowhiddenfocus="true">False</visible>
				<nested />
			    <onfocus condition="Integer.Isgreater(Container(2041).NumItems,0) + !Skin.HasSetting(simpleaudio)">SetFocus(2041)</onfocus>
			    <onfocus condition="Integer.Isgreater(Container(2042).NumItems,0) + Skin.HasSetting(simpleaudio)">SetFocus(2042)</onfocus>
				<onfocus condition="Integer.IsEqual(Container(2041).NumItems,0) + !Skin.HasSetting(simpleaudio)">SetFocus(20412)</onfocus>
			    <onfocus condition="Integer.IsEqual(Container(2042).NumItems,0) + Skin.HasSetting(simpleaudio)">SetFocus(20422)</onfocus>
            </control>
       <control type="group">
		        <include>Animation_SlideIn_Dialog</include>
                <depth>DepthMax</depth>
                <right>0</right>
                <width>1040</width>
                 <bottom>120</bottom>
                <height>520</height>
				<visible>!Skin.HasSetting(simpleaudio)</visible>	
                <control type="group">
                    <animation effect="slide" start="0" end="0,60" condition="Integer.IsEqual(Container(2041).NumItems,6)">Conditional</animation>
                    <animation effect="slide" start="0" end="0,120" condition="Integer.IsEqual(Container(2041).NumItems,5)">Conditional</animation>
                    <animation effect="slide" start="0" end="0,180" condition="Integer.IsEqual(Container(2041).NumItems,4)">Conditional</animation>
                    <animation effect="slide" start="0" end="0,240" condition="Integer.IsEqual(Container(2041).NumItems,3)">Conditional</animation>
                    <animation effect="slide" start="0" end="0,300" condition="Integer.IsEqual(Container(2041).NumItems,2)">Conditional</animation>
                    <animation effect="slide" start="0" end="0,360" condition="Integer.IsLess(Container(2041).NumItems,2)">Conditional</animation>
                    <control type="image">
                          <texture border="16" colordiffuse="90282a2e">common/dialog.png</texture>
						  <height>520</height>
						  <visible>Integer.IsGreater(Container(2041).NumItems,6)</visible>
                    </control>
					 <control type="image">
                          <texture border="16" colordiffuse="90282a2e">common/dialog.png</texture>
						  <height>460</height>
                          <visible>Integer.IsEqual(Container(2041).NumItems,6)</visible>
                    </control>	
                     <control type="image">
                          <texture border="16" colordiffuse="90282a2e">common/dialog.png</texture>
						  <height>400</height>
                          <visible>Integer.IsEqual(Container(2041).NumItems,5)</visible>
                    </control>	   
                    <control type="image">
                          <texture border="16" colordiffuse="90282a2e">common/dialog.png</texture>
						  <height>340</height>
                          <visible>Integer.IsEqual(Container(2041).NumItems,4)</visible>
                    </control>
                    <control type="image">
                          <texture border="16" colordiffuse="90282a2e">common/dialog.png</texture>
						 <height>280</height>
                        <visible>Integer.IsEqual(Container(2041).NumItems,3)</visible>
                    </control>
                   <control type="image">
                          <texture border="16" colordiffuse="90282a2e">common/dialog.png</texture>
						  <height>220</height>
                        <visible>Integer.IsEqual(Container(2041).NumItems,2)</visible>
                    </control>
                    <control type="image">
                          <texture border="16" colordiffuse="90282a2e">common/dialog.png</texture>
						  <height>160</height>
                        <visible>Integer.IsLess(Container(2041).NumItems,2)</visible>
                    </control> 
					<control type="group" id="20211">
                     <nested />
                     <height>120</height>
                     <control type="label">
                     <label>音轨</label>
					 <top>-30</top>
					 <left>-10</left>
                     <textoffsetx>30</textoffsetx>
                     <font>font13</font>
                     <aligny>center</aligny>
                    <textcolor>ffb635e5</textcolor>
                </control>               
				  
                    <control type="image">
					 <top>10</top>
					 <left>890</left>
					 <height>50</height>
                    <width>128</width>
                        <bordersize>0</bordersize>
                        <texture>logo.png</texture>
                    </control>
					 <control type="image">
                    <top>70</top>
                    <height>1</height>
                    <left>20</left>
                    <right>20</right>
                    <texture colordiffuse="white">common/white.png</texture>
                </control>
                   
				   </control>
				<control type="panel" id="2041">
                        <top>80</top>
                        <left>0</left>
                        <ondown>2041</ondown>
                        <onup>2041</onup>
               <itemlayout height="60">
                           <control type="group">
				          <top>25</top>
                            <left>20</left>
                          <right>20</right>
                           <control type="label">
						   <font>font10</font>
                           <textcolor>white</textcolor>
                          <label>$VAR[Label_StreamLanguage,[UPPERCASE],[/UPPERCASE]]$INFO[ListItem.Label2, [COLOR ff35e55e]|[/COLOR] ,]</label>
                        </control>
                <control type="label">
                    <left>340</left>
					<top>5</top>
                    <align>right</align>
					<width>530</width>
                    <label>$VAR[Label_PlayerStream_IsForced,  ,]$VAR[Label_PlayerStream_IsDefault,  ,]$VAR[Label_PlayerStream_IsOriginal,  ,]$INFO[ListItem.Property(codec),  ,]$INFO[ListItem.Property(channels),  ,CH]$INFO[ListItem.Property(bitrate),  ,kbps]</label>
                    <font>font8</font>
                    <textcolor>white</textcolor>
                </control>

                <control type="image">
                    <left>845</left>
                    <top>-5</top>
                    <width>80</width>
                    <bordersize>13</bordersize>
                    <aspectratio align="right">keep</aspectratio>
                    <texture colordiffuse="white">subtitles/icon_close_caption.png</texture>
                    <animation effect="fade" end="33" condition="String.IsEmpty(ListItem.Property(isimpaired))">Conditional</animation>
                </control>

                <control type="image">
                    <left>875</left>
					<top>-5</top>
                    <width>80</width>
                    <bordersize>13</bordersize>
                    <aspectratio align="right">keep</aspectratio>
                    <texture colordiffuse="white">$VAR[Image_IsCurrentStream]</texture>
                    <visible>true</visible>
                </control>
                <control type="image">
                    <left>945</left>
					<top>-18</top>
                    <width>70</width>
					<height>70</height>
                    <bordersize>15</bordersize>
                    <aspectratio align="right">strech</aspectratio>
                    <texture>$INFO[ListItem.Property(language),flagging/color/language/,.png]</texture>
					
                </control>
            </control>
            </itemlayout>
              <focusedlayout height="60">
                  <control type="group">
				          <top>25</top>
                            <left>20</left>
                          <right>20</right>
						  <control type="image">
						<left>10</left>
						<top>-15</top>
						<width>1030</width>
						<height>60</height>
						<texture border="0,2,0,2">MenuItemFO.png</texture>
						<visible>Control.HasFocus(2041)</visible>
						<include>VisibleFadeEffect</include>
					</control>
                           <control type="label">
						   <font>font10</font>
                           <textcolor>FFFF8C00</textcolor>
                          <label>$VAR[Label_StreamLanguage,[UPPERCASE],[/UPPERCASE]]$INFO[ListItem.Label2, [COLOR ff35e55e]|[/COLOR] ,]</label>
                        </control>
                <control type="label">
                     <left>340</left>
					<top>5</top>
                    <align>right</align>
					<width>530</width>
                    <label>$VAR[Label_PlayerStream_IsForced,  ,]$VAR[Label_PlayerStream_IsDefault,  ,]$VAR[Label_PlayerStream_IsOriginal,  ,]$INFO[ListItem.Property(codec),  ,]$INFO[ListItem.Property(channels),  ,CH]$INFO[ListItem.Property(bitrate),  ,kbps]</label>
                    <font>font8</font>
                    <textcolor>FFFF8C00</textcolor>
                </control>

                <control type="image">
                     <left>845</left>
                    <top>-5</top>
                    <width>80</width>
                    <bordersize>13</bordersize>
                    <aspectratio align="right">keep</aspectratio>
                    <texture colordiffuse="FFFF8C00">subtitles/icon_close_caption.png</texture>
                    <animation effect="fade" end="33" condition="String.IsEmpty(ListItem.Property(isimpaired))">Conditional</animation>
                </control>

                <control type="image">
                    <left>875</left>
					<top>-5</top>
                    <width>80</width>
                    <bordersize>13</bordersize>
                    <aspectratio align="right">keep</aspectratio>
                    <texture colordiffuse="FFFF8C00">$VAR[Image_IsCurrentStream]</texture>
                    <visible>true</visible>
                </control>
                <control type="image">
                    <left>945</left>
					<top>-18</top>
                    <width>70</width>
					<height>70</height>
                    <bordersize>15</bordersize>
                    <aspectratio align="right">strech</aspectratio>
                    <texture>$INFO[ListItem.Property(language),flagging/color/language/,.png]</texture>
					
                </control>
				
            </control>
             </focusedlayout>
                        <content>plugin://script.skinvariables?info=get_player_streams&amp;stream_type=audio&amp;reload=$INFO[Window.Property(UID)]</content>
                        <onclick condition="![false + !String.IsEmpty(ListItem.Property(iscurrent))]">Runscript(script.skinvariables,set_player_audiostream=$INFO[ListItem.Property(index)],reload_property=UID)</onclick>
						<onclick condition="Player.Paused">PlayerControl(Play)</onclick>
						<onclick>Dialog.Close(1145)</onclick>
                    </control>
				<control type="button" id="20412">
					  <top>80</top>
					  <left>20</left>
					  <width>1040</width>
					  <font>font13</font>
					  <align>left</align>
                      <textcolor>white</textcolor>
					  <focusedcolor>blue</focusedcolor>
                      <label>无可用音轨</label>
					  <texturefocus>MenuItemFO.png</texturefocus>
					  <texturenofocus>MenuItemNF.png</texturenofocus>
					  <onclick condition="Player.Paused">PlayerControl(Play)</onclick>
					  <onclick>Dialog.Close(1145)</onclick>
					  <visible>Integer.IsEqual(Container(2041).NumItems,0)</visible>
                 </control>	
				</control>
			 </control>
       <control type="group">
		        <include>Animation_SlideIn_Dialog</include>
                <depth>DepthMax</depth>
                <right>0</right>
                <width>740</width>
                 <bottom>120</bottom>
                <height>520</height>
				<visible>Skin.HasSetting(simpleaudio)</visible>	
                <control type="group">
                    <animation effect="slide" start="0" end="0,60" condition="Integer.IsEqual(Container(2042).NumItems,6)">Conditional</animation>
                    <animation effect="slide" start="0" end="0,120" condition="Integer.IsEqual(Container(2042).NumItems,5)">Conditional</animation>
                    <animation effect="slide" start="0" end="0,180" condition="Integer.IsEqual(Container(2042).NumItems,4)">Conditional</animation>
                    <animation effect="slide" start="0" end="0,240" condition="Integer.IsEqual(Container(2042).NumItems,3)">Conditional</animation>
                    <animation effect="slide" start="0" end="0,300" condition="Integer.IsEqual(Container(2042).NumItems,2)">Conditional</animation>
                    <animation effect="slide" start="0" end="0,360" condition="Integer.IsLess(Container(2042).NumItems,2)">Conditional</animation>
                    <control type="image">
                          <texture border="16" colordiffuse="90282a2e">common/dialog.png</texture>
						  <height>520</height>
						  <visible>Integer.IsGreater(Container(2042).NumItems,6)</visible>
                    </control>
					 <control type="image">
                          <texture border="16" colordiffuse="90282a2e">common/dialog.png</texture>
						  <height>460</height>
                          <visible>Integer.IsEqual(Container(2042).NumItems,6)</visible>
                    </control>	
                     <control type="image">
                          <texture border="16" colordiffuse="90282a2e">common/dialog.png</texture>
						  <height>400</height>
                          <visible>Integer.IsEqual(Container(2042).NumItems,5)</visible>
                    </control>	   
                    <control type="image">
                          <texture border="16" colordiffuse="90282a2e">common/dialog.png</texture>
						  <height>340</height>
                          <visible>Integer.IsEqual(Container(2042).NumItems,4)</visible>
                    </control>
                    <control type="image">
                          <texture border="16" colordiffuse="90282a2e">common/dialog.png</texture>
						 <height>280</height>
                        <visible>Integer.IsEqual(Container(2042).NumItems,3)</visible>
                    </control>
                   <control type="image">
                          <texture border="16" colordiffuse="90282a2e">common/dialog.png</texture>
						  <height>220</height>
                        <visible>Integer.IsEqual(Container(2042).NumItems,2)</visible>
                    </control>
                    <control type="image">
                          <texture border="16" colordiffuse="90282a2e">common/dialog.png</texture>
						  <height>160</height>
                        <visible>Integer.IsLess(Container(2042).NumItems,2)</visible>
                    </control> 
					<control type="group" id="20212">
                     <nested />
                     <height>120</height>
                     <control type="label">
                     <label>音轨</label>
					 <top>-30</top>
					 <left>-10</left>
                     <textoffsetx>30</textoffsetx>
                     <font>font13</font>
                     <aligny>center</aligny>
                    <textcolor>ffb635e5</textcolor>
                </control>               
				  
                    <control type="image">
					 <top>10</top>
					 <left>590</left>
					 <height>50</height>
                    <width>128</width>
                        <bordersize>0</bordersize>
                        <texture>logo.png</texture>
                    </control>
					 <control type="image">
                    <top>70</top>
                    <height>1</height>
                    <left>20</left>
                    <right>20</right>
                    <texture colordiffuse="white">common/white.png</texture>
                </control>
                   
				   </control>
				<control type="panel" id="2042">
                        <top>80</top>
                        <left>0</left>
                        <ondown>2042</ondown>
                        <onup>2042</onup>
               <itemlayout height="60">
                           <control type="group">
				          <top>25</top>
                            <left>20</left>
                          <right>20</right>
                           <control type="label">
						   <width>580</width>
						   <font>font10</font>
                           <textcolor>white</textcolor>
                          <label>$VAR[Label_StreamLanguage,[UPPERCASE],[/UPPERCASE]]$INFO[ListItem.Label2, [COLOR ff35e55e]|[/COLOR] ,]$INFO[ListItem.Property(channels),  ,CH]$INFO[ListItem.Property(bitrate),  ,kbps]$VAR[Label_PlayerStream_IsDefault,  ,]</label>
                        </control>
                <control type="image">
                    <left>545</left>
                    <top>-5</top>
                    <width>80</width>
                    <bordersize>13</bordersize>
                    <aspectratio align="right">keep</aspectratio>
                    <texture colordiffuse="white">subtitles/icon_close_caption.png</texture>
                    <animation effect="fade" end="33" condition="String.IsEmpty(ListItem.Property(isimpaired))">Conditional</animation>
                </control>

                <control type="image">
                    <left>575</left>
					<top>-5</top>
                    <width>80</width>
                    <bordersize>13</bordersize>
                    <aspectratio align="right">keep</aspectratio>
                    <texture colordiffuse="white">$VAR[Image_IsCurrentStream]</texture>
                    <visible>true</visible>
                </control>
                <control type="image">
                    <left>645</left>
					<top>-18</top>
                    <width>70</width>
					<height>70</height>
                    <bordersize>15</bordersize>
                    <aspectratio align="right">strech</aspectratio>
                    <texture>$INFO[ListItem.Property(language),flagging/color/language/,.png]</texture>
					
                </control>
            </control>
            </itemlayout>
              <focusedlayout height="60">
                  <control type="group">
				          <top>25</top>
                            <left>20</left>
                          <right>20</right>
						  <control type="image">
						<left>10</left>
						<top>-15</top>
						<width>740</width>
						<height>60</height>
						<texture border="0,2,0,2">MenuItemFO.png</texture>
						<visible>Control.HasFocus(2042)</visible>
						<include>VisibleFadeEffect</include>
					</control>
					 <control type="label">
						   <width>580</width>
						   <font>font10</font>
                           <textcolor>FFFF8C00</textcolor>
                          <label>$VAR[Label_StreamLanguage,[UPPERCASE],[/UPPERCASE]]$INFO[ListItem.Label2, [COLOR ff35e55e]|[/COLOR] ,]$INFO[ListItem.Property(channels),  ,CH]$INFO[ListItem.Property(bitrate),  ,kbps]$VAR[Label_PlayerStream_IsDefault,  ,]</label>
                     </control>
                <control type="image">
                     <left>545</left>
                    <top>-5</top>
                    <width>80</width>
                    <bordersize>13</bordersize>
                    <aspectratio align="right">keep</aspectratio>
                    <texture colordiffuse="FFFF8C00">subtitles/icon_close_caption.png</texture>
                    <animation effect="fade" end="33" condition="String.IsEmpty(ListItem.Property(isimpaired))">Conditional</animation>
                </control>
                <control type="image">
                    <left>575</left>
					<top>-5</top>
                    <width>80</width>
                    <bordersize>13</bordersize>
                    <aspectratio align="right">keep</aspectratio>
                    <texture colordiffuse="FFFF8C00">$VAR[Image_IsCurrentStream]</texture>
                    <visible>true</visible>
                </control>
                <control type="image">
                    <left>645</left>
					<top>-18</top>
                    <width>70</width>
					<height>70</height>
                    <bordersize>15</bordersize>
                    <aspectratio align="right">strech</aspectratio>
                    <texture>$INFO[ListItem.Property(language),flagging/color/language/,.png]</texture>
					
                </control>
				
            </control>
             </focusedlayout>
                        <content>plugin://script.skinvariables?info=get_player_streams&amp;stream_type=audio&amp;reload=$INFO[Window.Property(UID)]</content>
                        <onclick condition="![false + !String.IsEmpty(ListItem.Property(iscurrent))]">Runscript(script.skinvariables,set_player_audiostream=$INFO[ListItem.Property(index)],reload_property=UID)</onclick>
						<onclick condition="Player.Paused">PlayerControl(Play)</onclick>
						<onclick>Dialog.Close(1145)</onclick>
                    </control>
				<control type="button" id="20422">
					  <top>80</top>
					  <left>20</left>
					  <width>740</width>
					  <font>font13</font>
					  <align>left</align>
                      <textcolor>white</textcolor>
					  <focusedcolor>blue</focusedcolor>
                      <label>无可用音轨</label>
					  <texturefocus>MenuItemFO.png</texturefocus>
					  <texturenofocus>MenuItemNF.png</texturenofocus>
					  <onclick condition="Player.Paused">PlayerControl(Play)</onclick>
					  <onclick>Dialog.Close(1145)</onclick>
					  <visible>Integer.IsEqual(Container(2042).NumItems,0)</visible>
                 </control>	
				</control>
			 </control>
    
	</controls>
</window>
