<?xml version="1.0" encoding="UTF-8"?>
<window>
	<defaultcontrol>9000</defaultcontrol>
	<onload condition="String.IsEmpty(Skin.String(DefaultHomeFocusItem))">SetProperty(SetDefaultHomeItem,1,home)</onload>
	<onload condition="!Window.Previous(Weather) + !Window.Previous(Pictures) + !Window.Previous(Games) + !Window.Previous(RadioChannels) + !Window.Previous(TVChannels) + !Window.Previous(Videos) + !Window.Previous(Music) + !Window.Previous(Programs) + !Window.Previous(Favouritesbrowser) + !Window.Previous(FileManager) + !Window.Previous(Profiles) + !Window.Previous(SystemInfo) + !Window.Previous(EventLog) + !Window.Previous(TVGuide) + !Window.Previous(TVRecordings) + !Window.Previous(TVTimerRules) + !Window.Previous(TVTimers) + !Window.Previous(TVSearch) + !Window.Previous(RadioGuide) + !Window.Previous(RadioRecordings) + !Window.Previous(RadioTimerRules) + !Window.Previous(RadioTimers) + !Window.Previous(RadioSearch) + !Window.Previous(addonbrowser) + !Window.Previous(script.globalsearch) + !Window.Previous(settings) + !Window.Previous(fullscreenvideo) + !Window.Previous(visualisation)">SetFocus(9000,$INFO[Skin.String(DefaultHomeFocus)])</onload>
	<onload condition="!Skin.HasSetting(allowskinupdate)">RunScript(special://skin/scripts/autostart.py)</onload>
	<controls>	
		<control type="list" id="90160">
			<left>-15</left>
			<top>-15</top>
			<width>1</width>
			<height>1</height>
			<viewtype label="535">list</viewtype>
			<itemlayout height="1" width="1"></itemlayout>
			<focusedlayout height="1" width="1"></focusedlayout>
			<content target="video" limit="7">library://video/movies/</content>
			<visible>Library.HasContent(Movies)</visible>
		</control>
		<control type="list" id="90170">
			<left>-15</left>
			<top>-15</top>
			<width>1</width>
			<height>1</height>
			<viewtype label="535">list</viewtype>
			<itemlayout height="1" width="1"></itemlayout>
			<focusedlayout height="1" width="1"></focusedlayout>
			<content target="video" limit="7">library://video/tvshows/</content>
			<visible>Library.HasContent(TVShows)</visible>
		</control>
		<control type="list" id="90110">
			<left>-15</left>
			<top>-15</top>
			<width>1</width>
			<height>1</height>
			<viewtype label="535">list</viewtype>
			<itemlayout height="1" width="1"></itemlayout>
			<focusedlayout height="1" width="1"></focusedlayout>
			<content target="music" limit="6">library://music/</content>
			<visible>Library.HasContent(Music)</visible>
		</control>
		<include>CommonBackground</include>
		<control type="wraplist" id="9035">
			<left>-100</left>
		    <top>-100</top>
		    <width>100</width>
		    <height>100</height>
			<visible>Control.IsVisible(90351)</visible>
			<visible>Control.IsVisible(90352)</visible>
			<visible>!Skin.HasSetting(HideBackGroundFanart)</visible>
		    <itemlayout height="100" width="100" />
		    <focusedlayout height="100" width="100" />
			<include>9035TimePerImage</include>
			<content sortby="random" limit="100">videodb://movies/titles/</content>
			</control>
		<control type="wraplist" id="9023">
			<left>-100</left>
		    <top>-100</top>
		    <width>10</width>
		    <height>10</height>
		    <itemlayout height="100" width="100" />
		    <focusedlayout height="100" width="100" />
			<content sortby="random" limit="100">/var/media/</content>
		</control>
			<control type="wraplist" id="9036">
			<left>-100</left>
		    <top>-100</top>
		    <width>100</width>
		    <height>100</height>
			<visible>Control.IsVisible(90351)</visible>
			<visible>Control.IsVisible(90362)</visible>
			<visible>!Skin.HasSetting(HideBackGroundFanart)</visible>
		    <itemlayout height="100" width="100" />
		    <focusedlayout height="100" width="100" />
			<include>9035TimePerImage</include>
			<content sortby="random" limit="100">videodb://tvshows/titles/</content>
			</control>
		<control type="label" id="90351">
				<include>90351Animation</include>
			</control>
			<control type="group" id="90352">
					<visible>Container(9000).Hasfocus(10)</visible>
					<include>90352Animation</include>
				</control>
				<control type="group" id="90362">
					<visible>Container(9000).Hasfocus(11)</visible>
					<include>90352Animation</include>
				</control>
		<control type="multiimage">
			<left>0</left>
			<top>0</top>
			<width>1920</width>
			<height>1080</height>
			<imagepath background="true">$INFO[Container(9000).ListItem.label2]</imagepath>
			<aspectratio>scale</aspectratio>
			<fadetime>500</fadetime>
			<include>AnimatedBackgroundAnimation</include>
		  </control>
		  <control type="multiimage">
			<left>0</left>
			<top>0</top>
			<width>1920</width>
			<height>1080</height>
			<imagepath background="true">$INFO[Container(9000).ListItem.Property(background)]</imagepath>
			<include>bgTimePerImage</include>
			<randomize>true</randomize>
            <loop>true</loop>
			<aspectratio>scale</aspectratio>
			<fadetime>500</fadetime>
			<visible>!Control.IsVisible(7003)</visible>
			<include>AnimatedBackgroundAnimation</include>
		  </control>
			<include>HomeFanart</include>
		    <include>CommonBackground</include>	
		
		<control type="group"><!--整体高度 -->
		<left>0</left>
		<top>107</top>
		<animation effect="slide" start="0,0" end="0,-47" time="200" tween="quadratic" easing="out" condition="Skin.HasSetting(submenuautopop) + [ControlGroup(9001).HasFocus | [Control.IsVisible(7003) + !Control.IsVisible(7002) + [Container(9000).HasFocus(2) | Container(9000).HasFocus(10) | Container(9000).HasFocus(11) | Container(9000).HasFocus(3) | Container(9000).HasFocus(5) | Container(9000).HasFocus(16) | Container(9000).HasFocus(17) | Container(9000).HasFocus(61)]]]">Conditional</animation>
		
		<animation effect="slide" start="0,0" end="0,-47" time="300" tween="quadratic" easing="out" condition="!Skin.HasSetting(submenuautopop) + ControlGroup(9001).HasFocus">Conditional</animation>
		<!-- Music Info -->
		<control type="group">
			<depth>DepthMenu</depth>
			<left>0</left>
			<top>330</top>
			<visible>Player.HasAudio + !Skin.HasSetting(homepageMusicinfo) + String.IsEmpty(Window(Videos).Property(PlayingBackgroundMedia))</visible>
			<include>VisibleFadeEffect</include>
			<include>Window_OpenClose_Animation</include>
			<control type="image">
				<description>Cover image</description>
				<left>30</left>
				<top>68</top>
				<width>195</width>
				<height>443</height>
				<aspectratio aligny="bottom">keep</aspectratio>
				<texture fallback="DefaultAlbumCover.png">$INFO[Player.Art(thumb)]</texture>
				<bordertexture infill="false" border="8">ThumbBorder.png</bordertexture>
				<bordersize>5</bordersize>
			</control>
			<control type="label">
				<description>Album Label</description>
				<left>255</left>
				<top>398</top>
				<height>38</height>
				<width>1500</width>
				<label>$INFO[MusicPlayer.Artist,, - ]$INFO[MusicPlayer.Album]$INFO[musicplayer.discnumber, - $LOCALIZE[427]:]</label>
				<align>left</align>
				<aligny>center</aligny>
				<font>font12</font>
				<textcolor>white</textcolor>
				<shadowcolor>black</shadowcolor>
			</control>
			<control type="label">
				<description>Title label</description>
				<left>255</left>
				<top>428</top>
				<height>45</height>
				<width>1500</width>
				<label>$INFO[Player.Title]</label>
				<align>left</align>
				<aligny>center</aligny>
				<font>font13_title</font>
				<textcolor>white</textcolor>
				<shadowcolor>black</shadowcolor>
			</control>
			<control type="label">
				<description>Time Label</description>
				<left>255</left>
				<top>465</top>
				<height>45</height>
				<width>450</width>
				<label>$INFO[Player.Time]$INFO[Player.Duration,[COLOR=blue] / [/COLOR]]</label>
				<align>left</align>
				<aligny>center</aligny>
				<font>font12</font>
				<textcolor>white</textcolor>
				<shadowcolor>black</shadowcolor>
			</control>
		</control>
		<!-- LiveTV Info -->
		<control type="group">
			<depth>DepthMenu</depth>
			<left>735r</left>
			<top>60</top>
			<visible>Container(9000).HasFocus(12) + [PVR.IsRecording | PVR.HasNonRecordingTimer]</visible>
			<include>VisibleFadeEffect</include>
			<include>Window_OpenClose_Animation</include>
			<animation effect="fade" start="100" end="0" time="150" condition="Window.IsActive(Favourites)">conditional</animation>
			<control type="group">
				<animation effect="slide" start="0,0" end="0,150" time="0" condition="PVR.IsRecording">conditional</animation>
				<visible>PVR.HasNonRecordingTimer</visible>
				<control type="image">
					<left>0</left>
					<top>-8</top>
					<width>735</width>
					<height>135</height>
					<texture>gradient.png</texture>
				</control>
				<control type="image">
					<left>600</left>
					<top>0</top>
					<width>120</width>
					<height>120</height>
					<aspectratio>keep</aspectratio>
					<texture background="true" fallback="DefaultVideoCover.png">$INFO[PVR.NextRecordingChannelIcon]</texture>
					<bordertexture infill="false" border="8">ThumbBorder.png</bordertexture>
					<bordersize>4</bordersize>
				</control>
				<control type="image">
					<left>548</left>
					<top>8</top>
					<width>38</width>
					<height>38</height>
					<aspectratio>keep</aspectratio>
					<texture>PVR-HasTimer.png</texture>
				</control>
				<control type="label">
					<description>Next Timer Header label</description>
					<left>-68</left>
					<top>8</top>
					<height>38</height>
					<width>600</width>
					<label>$LOCALIZE[19157]</label>
					<align>right</align>
					<aligny>center</aligny>
					<font>font12_title</font>
					<textcolor>blue</textcolor>
					<shadowcolor>black</shadowcolor>
				</control>
				<control type="label">
					<description>NextRecordingDateTime</description>
					<left>-15</left>
					<top>45</top>
					<height>38</height>
					<width>600</width>
					<label>$INFO[PVR.NextRecordingDateTime,$LOCALIZE[19126] - ]</label>
					<align>right</align>
					<aligny>center</aligny>
					<font>font12</font>
					<scroll>true</scroll>
					<shadowcolor>black</shadowcolor>
				</control>
				<control type="label">
					<description>NextRecordingTitle Channel</description>
					<left>-615</left>
					<top>75</top>
					<height>38</height>
					<width>1200</width>
					<label>$INFO[PVR.NextRecordingTitle][COLOR=grey]$INFO[PVR.NextRecordingChannel, - [COLOR=blue]([/COLOR],[COLOR=blue])[/COLOR]][/COLOR]</label>
					<align>right</align>
					<aligny>center</aligny>
					<font>font12_title</font>
					<shadowcolor>black</shadowcolor>
					<scroll>true</scroll>
				</control>
			</control>
			<control type="group">
				<visible>PVR.IsRecording</visible>
				<control type="image">
					<left>0</left>
					<top>-8</top>
					<width>735</width>
					<height>135</height>
					<texture>gradient.png</texture>
				</control>
				<control type="image">
					<left>600</left>
					<top>0</top>
					<width>120</width>
					<height>120</height>
					<aspectratio>keep</aspectratio>
					<texture background="true" fallback="DefaultVideoCover.png">$INFO[PVR.NowRecordingChannelIcon]</texture>
					<bordertexture infill="false" border="8">ThumbBorder.png</bordertexture>
					<bordersize>4</bordersize>
				</control>
				<control type="image">
					<left>548</left>
					<top>8</top>
					<width>38</width>
					<height>38</height>
					<aspectratio>keep</aspectratio>
					<texture>PVR-IsRecording.png</texture>
				</control>
				<control type="label">
					<description>Is Recording Header label</description>
					<left>-68</left>
					<top>8</top>
					<height>38</height>
					<width>600</width>
					<label>$LOCALIZE[19158]</label>
					<align>right</align>
					<aligny>center</aligny>
					<font>font12_title</font>
					<textcolor>blue</textcolor>
					<shadowcolor>black</shadowcolor>
				</control>
				<control type="label">
					<description>NextRecordingDateTime</description>
					<left>-15</left>
					<top>45</top>
					<height>38</height>
					<width>600</width>
					<label>$INFO[PVR.NowRecordingDateTime,$LOCALIZE[19126] - ]</label>
					<align>right</align>
					<aligny>center</aligny>
					<font>font12</font>
					<scroll>true</scroll>
					<shadowcolor>black</shadowcolor>
				</control>
				<control type="label">
					<description>NextRecordingTitle Channel</description>
					<left>-615</left>
					<top>75</top>
					<height>45</height>
					<width>1200</width>
					<label>$INFO[PVR.NowRecordingTitle][COLOR=grey]$INFO[PVR.NowRecordingChannel, - [COLOR=blue]([/COLOR],[COLOR=blue])[/COLOR]][/COLOR]</label>
					<align>right</align>
					<aligny>center</aligny>
					<font>font12_title</font>
					<shadowcolor>black</shadowcolor>
					<scroll>true</scroll>
				</control>
			</control>
		</control>
		<!-- Video Info -->
		<control type="group">
			<depth>DepthMenu</depth>
			<left>0</left>
			<top>320</top>
			<visible>Player.HasVideo + !Skin.HasSetting(homepageVideoinfo) + String.IsEmpty(Window(Videos).Property(PlayingBackgroundMedia))</visible>
			<include>VisibleFadeEffect</include>
			<include>Window_OpenClose_Animation</include>
			<control type="group">
				<visible>!VideoPlayer.Content(Movies) + !VideoPlayer.Content(Episodes) + !VideoPlayer.Content(LiveTV)</visible>
				<control type="image">
					<description>Cover image</description>
					<left>30</left>
					<top>68</top>
					<width>225</width>
					<height>450</height>
					<aspectratio aligny="bottom">keep</aspectratio>
					<texture fallback="DefaultVideoCover.png">$VAR[NowPlayingThumb]</texture>
					<bordertexture infill="false" border="8">ThumbBorder.png</bordertexture>
					<bordersize>5</bordersize>
				</control>
				<control type="label">
					<description>Title label</description>
					<left>285</left>
					<top>428</top>
					<height>45</height>
					<width>1500</width>
					<label>$INFO[Player.Title]</label>
					<align>left</align>
					<aligny>center</aligny>
					<font>font13_title</font>
					<textcolor>white</textcolor>
					<shadowcolor>black</shadowcolor>
				</control>
				<control type="label">
					<description>Time Label</description>
					<left>285</left>
					<top>465</top>
					<height>45</height>
					<width>450</width>
					<label>$INFO[Player.Time]$INFO[Player.Duration,[COLOR=blue] / [/COLOR]]</label>
					<align>left</align>
					<aligny>center</aligny>
					<font>font12</font>
					<textcolor>white</textcolor>
					<shadowcolor>black</shadowcolor>
				</control>
			</control>
			<control type="group">
				<visible>VideoPlayer.Content(LiveTV)</visible>
				<control type="image">
					<description>Cover image</description>
					<left>30</left>
					<top>68</top>
					<width>180</width>
					<height>450</height>
					<aspectratio aligny="bottom">keep</aspectratio>
					<texture fallback="DefaultVideoCover.png">$VAR[NowPlayingThumb]</texture>
					<bordertexture infill="false" border="8">ThumbBorder.png</bordertexture>
					<bordersize>5</bordersize>
				</control>
				<control type="label">
					<description>Channel label</description>
					<left>240</left>
					<top>398</top>
					<height>38</height>
					<width>990</width>
					<label>$INFO[VideoPlayer.ChannelName]</label>
					<align>left</align>
					<aligny>center</aligny>
					<font>font12</font>
					<textcolor>white</textcolor>
					<shadowcolor>black</shadowcolor>
				</control>
				<control type="label">
					<description>Title label</description>
					<left>240</left>
					<top>428</top>
					<height>45</height>
					<width>1500</width>
					<label>$INFO[Player.Title]</label>
					<align>left</align>
					<aligny>center</aligny>
					<font>font13_title</font>
					<textcolor>white</textcolor>
					<shadowcolor>black</shadowcolor>
				</control>
				<control type="label">
					<description>Time Label</description>
					<left>240</left>
					<top>465</top>
					<height>45</height>
					<width>450</width>
					<label>$INFO[Player.Time]$INFO[Player.Duration,[COLOR=blue] / [/COLOR]]</label>
					<align>left</align>
					<aligny>center</aligny>
					<font>font12</font>
					<textcolor>white</textcolor>
					<shadowcolor>black</shadowcolor>
					<visible>!VideoPlayer.HasEpg</visible>
				</control>
				<control type="label">
					<description>Time Label</description>
					<left>240</left>
					<top>465</top>
					<height>45</height>
					<width>450</width>
					<label>$INFO[PVR.EpgEventElapsedTime]$INFO[PVR.EpgEventDuration,[COLOR=blue] / [/COLOR]]</label>
					<align>left</align>
					<aligny>center</aligny>
					<font>font12</font>
					<textcolor>white</textcolor>
					<shadowcolor>black</shadowcolor>
					<visible>VideoPlayer.HasEpg</visible>
				</control>
			</control>
			<control type="group">
				<visible>VideoPlayer.Content(Movies)</visible>
				<control type="image">
					<description>Cover image</description>
					<left>30</left>
					<top>68</top>
					<width>180</width>
					<height>450</height>
					<aspectratio aligny="bottom">keep</aspectratio>
					<texture fallback="DefaultVideoCover.png">$VAR[NowPlayingThumb]</texture>
					<bordertexture infill="false" border="8">ThumbBorder.png</bordertexture>
					<bordersize>5</bordersize>
				</control>
				<control type="label">
					<description>Studio label</description>
					<left>240</left>
					<top>398</top>
					<height>38</height>
					<width>1500</width>
					<label>$INFO[VideoPlayer.Studio]</label>
					<align>left</align>
					<aligny>center</aligny>
					<font>font12</font>
					<textcolor>white</textcolor>
					<shadowcolor>black</shadowcolor>
				</control>
				<control type="label">
					<description>Title label</description>
					<left>240</left>
					<top>428</top>
					<height>45</height>
					<width>1500</width>
					<label>$INFO[Player.Title]$INFO[VideoPlayer.Year,[COLOR=grey] (,)[/COLOR]]</label>
					<align>left</align>
					<aligny>center</aligny>
					<font>font13_title</font>
					<textcolor>white</textcolor>
					<shadowcolor>black</shadowcolor>
				</control>
				<control type="label">
					<description>Time Label</description>
					<left>240</left>
					<top>465</top>
					<height>45</height>
					<width>450</width>
					<label>$INFO[Player.Time]$INFO[Player.Duration,[COLOR=blue] / [/COLOR]]</label>
					<align>left</align>
					<aligny>center</aligny>
					<font>font12</font>
					<textcolor>white</textcolor>
					<shadowcolor>black</shadowcolor>
				</control>
			</control>
			<control type="group">
				<visible>VideoPlayer.Content(Episodes)</visible>
				<control type="image">
					<description>Cover image</description>
					<left>30</left>
					<top>338</top>
					<width>270</width>
					<height>180</height>
					<aspectratio>scale</aspectratio>
					<texture fallback="DefaultVideoCover.png">$INFO[Player.Art(thumb)]</texture>
					<bordertexture infill="false" border="8">ThumbBorder.png</bordertexture>
					<bordersize>5</bordersize>
				</control>
				<control type="label">
					<description>TV Show Season Ep Label</description>
					<left>315</left>
					<top>398</top>
					<height>38</height>
					<width>1500</width>
					<label>$INFO[VideoPlayer.TVShowTitle] ($INFO[VideoPlayer.Season,$LOCALIZE[20373] , - ]$INFO[VideoPlayer.episode,$LOCALIZE[20359] ,])</label>
					<align>left</align>
					<aligny>center</aligny>
					<font>font12</font>
					<textcolor>white</textcolor>
					<shadowcolor>black</shadowcolor>
				</control>
				<control type="label">
					<description>Title label</description>
					<left>315</left>
					<top>428</top>
					<height>45</height>
					<width>1500</width>
					<label>$INFO[Player.Title]</label>
					<align>left</align>
					<aligny>center</aligny>
					<font>font13_title</font>
					<textcolor>white</textcolor>
					<shadowcolor>black</shadowcolor>
				</control>
				<control type="label">
					<description>Time Label</description>
					<left>315</left>
					<top>465</top>
					<height>45</height>
					<width>450</width>
					<label>$INFO[Player.Time]$INFO[Player.Duration,[COLOR=blue] / [/COLOR]]</label>
					<align>left</align>
					<aligny>center</aligny>
					<font>font12</font>
					<textcolor>white</textcolor>
					<shadowcolor>black</shadowcolor>
				</control>
			</control>
		</control>
		<include condition="!Skin.HasSetting(HomepageHideRecentlyAddedVideo) | !Skin.HasSetting(HomepageHideRecentlyAddedAlbums) | !Skin.HasSetting(HideRecentlyAddedVideo) | Skin.HasSetting(Homepageaddmusicvideo)">HomeRecentlyAddedInfo</include>
		<control type="button" id="90031">
			<description>Hidden Button to pass through navigation when recently added is disabled</description>
			<left>-30</left>
			<top>-30</top>
			<width>1</width>
			<height>1</height>
			<label />
			<font />
			<texturefocus />
			<texturenofocus />
			<onleft>9000</onleft>
			<onright>9000</onright>
			<onup>9000</onup>
			<onback>9000</onback>
			<ondown condition="Control.IsVisible(600)">600</ondown>
			<ondown condition="!Control.IsVisible(600)">9000</ondown>
			<onclick>setfocus(9000)</onclick>
		</control>		
		<control type="button" id="9003">
			<description>Hidden Button to pass through navigation when recently added is disabled</description>
			<left>-30</left>
			<top>-30</top>
			<width>1</width>
			<height>1</height>
			<label />
			<font />
			<texturefocus />
			<texturenofocus />
			<onleft>9000</onleft>
			<onright>9000</onright>
			<onup>20</onup>
			<onback>9000</onback>
			<ondown condition="Control.IsVisible(600)">600</ondown>
			<ondown condition="!Control.IsVisible(600)">9000</ondown>
			<onclick>setfocus(9000)</onclick>
		</control>
		<control type="group">
			<depth>DepthMenu-</depth>
			<description>Controls for currently playing media</description>
			<left>818r</left>
			<top>785</top>
			<animation effect="slide" start="0,0" end="601,0" time="225" condition="!Player.HasMedia">conditional</animation>
			<animation type="WindowOpen" reversible="false">
				<effect type="zoom" start="60" end="100" center="960,540" easing="out" tween="back" time="225" />
				<effect type="fade" start="0" end="100" time="225" />
			</animation>
			<animation type="WindowClose" reversible="false">
				<effect type="zoom" start="100" end="60" center="960,540" easing="in" tween="back" time="225" />
				<effect type="fade" start="100" end="0" time="225" />
			</animation>
			<visible>String.IsEmpty(Window(Videos).Property(PlayingBackgroundMedia))</visible>
			<control type="image">
				<description>Background End image</description>
				<left>218</left>
				<top>0</top>
				<width>53</width>
				<height>53</height>
				<colordiffuse>CCFFFFFF</colordiffuse>
				<texture flipy="true" border="0,5,0,0" flipx="true">HomeSubEnd.png</texture>
			</control>
			<control type="group" id="600">
				<left>270</left>
				<onup>9002</onup>
				<ondown>9000</ondown>
				<defaultcontrol />
				<enable>Player.HasMedia</enable>
				<control type="image">
					<description>Background image</description>
					<left>0</left>
					<top>0</top>
					<width>308</width>
					<height>53</height>
					<texture flipy="true" border="0,5,0,0">HomeSubNF.png</texture>
					<colordiffuse>CCFFFFFF</colordiffuse>
				</control>
				<control type="group">
					<visible>!VideoPlayer.Content(LiveTV)</visible>
					<control type="button" id="601">
						<left>15</left>
						<top>3</top>
						<width>45</width>
						<height>45</height>
						<label />
						<texturefocus>OSDPrevTrackFO.png</texturefocus>
						<texturenofocus>OSDPrevTrackNF.png</texturenofocus>
						<onleft>607</onleft>
						<onright>602</onright>
						<onup>9002</onup>
				        <ondown>9000</ondown>
						<onclick>PlayerControl(Previous)</onclick>
					</control>
					<control type="button" id="602">
						<left>60</left>
						<top>3</top>
						<width>45</width>
						<height>45</height>
						<label />
						<texturefocus>OSDRewindFO.png</texturefocus>
						<texturenofocus>OSDRewindNF.png</texturenofocus>
						<onleft>601</onleft>
						<onright>603</onright>
						<onup>9002</onup>
				        <ondown>9000</ondown>
						<onclick>PlayerControl(Rewind)</onclick>
					</control>
					<control type="togglebutton" id="603">
						<left>105</left>
						<top>3</top>
						<width>45</width>
						<height>45</height>
						<label />
						<texturefocus>OSDPauseFO.png</texturefocus>
						<texturenofocus>OSDPauseNF.png</texturenofocus>
						<usealttexture>Player.Paused | Player.Forwarding | Player.Rewinding</usealttexture>
						<alttexturefocus>OSDPlayFO.png</alttexturefocus>
						<alttexturenofocus>OSDPlayNF.png</alttexturenofocus>
						<onleft>602</onleft>
						<onright>604</onright>
						<onup>9002</onup>
				        <ondown>9000</ondown>
						<onclick>PlayerControl(Play)</onclick>
					</control>
					<control type="button" id="604">
						<left>150</left>
						<top>3</top>
						<width>45</width>
						<height>45</height>
						<label />
						<texturefocus>OSDStopFO.png</texturefocus>
						<texturenofocus>OSDStopNF.png</texturenofocus>
						<onleft>603</onleft>
						<onright>605</onright>
						<onup>9002</onup>
				        <ondown>9000</ondown>
						<onclick>down</onclick>
						<onclick>PlayerControl(Stop)</onclick>
					</control>
					<control type="button" id="605">
						<left>195</left>
						<top>3</top>
						<width>45</width>
						<height>45</height>
						<label />
						<texturefocus>OSDForwardFO.png</texturefocus>
						<texturenofocus>OSDForwardNF.png</texturenofocus>
						<onleft>604</onleft>
						<onright>606</onright>
						<onup>9002</onup>
				<ondown>9000</ondown>
						<onclick>PlayerControl(Forward)</onclick>
					</control>
					<control type="button" id="606">
						<left>240</left>
						<top>3</top>
						<width>45</width>
						<height>45</height>
						<label />
						<texturefocus>OSDNextTrackFO.png</texturefocus>
						<texturenofocus>OSDNextTrackNF.png</texturenofocus>
						<onleft>605</onleft>
						<onright>607</onright>
						<onup>9002</onup>
				<ondown>9000</ondown>
						<onclick>PlayerControl(Next)</onclick>
					</control>
				</control>
				<control type="group" id="600">
					<visible>VideoPlayer.Content(LiveTV)</visible>
					<control type="button" id="601">
						<left>15</left>
						<top>3</top>
						<width>45</width>
						<height>45</height>
						<label />
						<texturefocus>OSDChannelUPFO.png</texturefocus>
						<texturenofocus>OSDChannelUPNF.png</texturenofocus>
						<onleft>607</onleft>
						<onright>602</onright>
						<onup>9002</onup>
				<ondown>9000</ondown>
						<onclick>ChannelDown</onclick>
					</control>
					<control type="button" id="602">
						<left>60</left>
						<top>3</top>
						<width>45</width>
						<height>45</height>
						<label />
						<texturefocus>OSDChannelDownFO.png</texturefocus>
						<texturenofocus>OSDChannelDownNF.png</texturenofocus>
						<onleft>601</onleft>
						<onright>603</onright>
						<onup>9002</onup>
				<ondown>9000</ondown>
						<onclick>ChannelUp</onclick>
					</control>
					<control type="button" id="603">
						<left>105</left>
						<top>3</top>
						<width>45</width>
						<height>45</height>
						<label />
						<texturefocus>OSDStopFO.png</texturefocus>
						<texturenofocus>OSDStopNF.png</texturenofocus>
						<onleft>602</onleft>
						<onright>604</onright>
						<onup>9002</onup>
				<ondown>9000</ondown>
						<onclick>down</onclick>
						<onclick>PlayerControl(Stop)</onclick>
					</control>
					<control type="togglebutton" id="604">
						<left>150</left>
						<top>3</top>
						<width>45</width>
						<height>45</height>
						<label />
						<texturefocus>OSDPauseFO.png</texturefocus>
						<texturenofocus>OSDPauseNF.png</texturenofocus>
						<usealttexture>Player.Paused | Player.Forwarding | Player.Rewinding</usealttexture>
						<alttexturefocus>OSDPlayFO.png</alttexturefocus>
						<alttexturenofocus>OSDPlayNF.png</alttexturenofocus>
						<onleft>603</onleft>
						<onright>605</onright>
						<onup>9002</onup>
				<ondown>9000</ondown>
						<onclick>PlayerControl(Play)</onclick>
						<enable>Player.PauseEnabled</enable>
						<animation effect="fade" start="100" end="30" time="75" condition="!Player.PauseEnabled">Conditional</animation>
					</control>
					<control type="button" id="605">
						<left>195</left>
						<top>3</top>
						<width>45</width>
						<height>45</height>
						<label />
						<texturefocus>OSDRadioRDSFO.png</texturefocus>
						<texturenofocus>OSDRadioRDSNF.png</texturenofocus>
						<onleft>604</onleft>
						<onright>606</onright>
						<onup>9002</onup>
				<ondown>9000</ondown>
						<onclick>ActivateWindow(PVRRadioRDSInfo)</onclick>
						<enable>RDS.HasRadiotextPlus</enable>
						<animation effect="fade" start="100" end="30" time="75" condition="!RDS.HasRadiotextPlus">Conditional</animation>
					</control>
					<control type="button" id="606">
						<left>240</left>
						<top>3</top>
						<width>45</width>
						<height>45</height>
						<label />
						<texturefocus>OSDRecordOffFO.png</texturefocus>
						<texturenofocus>OSDRecordOffNF.png</texturenofocus>
						<onleft>605</onleft>
						<onright>607</onright>
						<onup>9002</onup>
				<ondown>9000</ondown>
						<onclick>PVR.ToggleRecordPlayingChannel</onclick>
					</control>
				</control>
			</control>
			<control type="radiobutton" id="607">
				<colordiffuse>CCFFFFFF</colordiffuse>
				<description>Go to fullscreen Playback</description>
				<left>578</left>
				<top>0</top>
				<height>53</height>
				<width>240</width>
				<textwidth>225</textwidth>
				<textoffsetx>15</textoffsetx>
				<align>left</align>
				<aligny>center</aligny>
				<font>font12</font>
				<textcolor>grey2</textcolor>
				<focusedcolor>white</focusedcolor>
				<texturefocus flipy="true" border="5">button-focus.png</texturefocus>
				<texturenofocus flipy="true" border="5">HomeSubNF.png</texturenofocus>
				<pulseonselect>false</pulseonselect>
				<label>31008</label>
				<onclick>fullscreen</onclick>
				<textureradioonfocus>GoFullscreen.png</textureradioonfocus>
				<textureradioonnofocus>GoFullscreen.png</textureradioonnofocus>
				<textureradioofffocus>GoFullscreen.png</textureradioofffocus>
				<textureradiooffnofocus>GoFullscreen.png</textureradiooffnofocus>
				<onleft>606</onleft>
				<onright>601</onright>
				<onup>9002</onup>
				<ondown>9000</ondown>
				<enable>Player.HasMedia</enable>
			</control>
		</control>
		<control type="group">
			<depth>DepthMenu</depth>
			<top>601</top>
			<animation effect="fade" start="100" end="0" time="400" condition="!ControlGroup(9001).HasFocus + !Control.HasFocus(9000) + !Control.HasFocus(8005) + !Control.HasFocus(8004) + !Control.HasFocus(8000) + Control.IsVisible(9035)">Conditional</animation>
			<animation effect="fade" start="100" end="0" time="400" condition="!ControlGroup(9001).HasFocus + !Control.HasFocus(9000) + !Control.HasFocus(80011) + !Control.HasFocus(8001) + !Control.HasFocus(8007) + Control.IsVisible(9036)">Conditional</animation>
			<animation effect="fade" start="100" end="0" time="300" condition="!Skin.HasSetting(sublibrarybottom) + !ControlGroup(9001).HasFocus + !Control.HasFocus(9000) + [Control.HasFocus(80031) | Control.HasFocus(80032)] + !Skin.HasSetting(bigthumb)">Conditional</animation>
			<!--animation type="WindowOpen" reversible="false">
				<effect type="zoom" start="60" end="100" center="960,540" easing="out" tween="back" time="225" />
				<effect type="fade" start="0" end="100" time="225" />
			</animation>
			<animation type="WindowClose" reversible="false">
				<effect type="zoom" start="100" end="60" center="960,540" easing="in" tween="back" time="225" />
				<effect type="fade" start="100" end="0" time="225" />
			</animation-->
			<control type="group" id="9001">
				<depth>DepthMenu-</depth>
				<left>0</left>
				<top>370</top>
				<control type="grouplist" id="9021">
					<include>HomeSubMenuCommonValues</include>
					<onleft>9021</onleft>
					<onright>9021</onright>
					<visible>Container(9000).HasFocus(16)</visible>
					<animation effect="fade" delay="200" time="200">Visible</animation>
					<!-- Buttons for the grouplist -->
					<include>HomeSubMenucd</include>
				</control>
				<control type="grouplist" id="9010">
					<include>HomeSubMenuCommonValues</include>
					<onleft>9010</onleft>
					<onright>9010</onright>
					<visible>Container(9000).HasFocus(2)</visible>
					<animation effect="fade" delay="200" time="200">Visible</animation>
					<!-- Buttons for the grouplist -->
					<include>HomeSubMenuVideos</include>
				</control>
				<control type="grouplist" id="9016">
					<include>HomeSubMenuCommonValues</include>
					<onleft>9016</onleft>
					<onright>9016</onright>
					<visible>Container(9000).HasFocus(10)</visible>
                    <animation effect="fade" delay="200" time="200">Visible</animation>
					<!-- Buttons for the grouplist -->
					<include>HomeSubMenuMovies</include>
				</control>
				<control type="grouplist" id="9017">
					<include>HomeSubMenuCommonValues</include>
					<onleft>9017</onleft>
					<onright>9017</onright>
					<visible>Container(9000).HasFocus(11)</visible>
					<animation effect="fade" delay="200" time="200">Visible</animation>
					<!-- Buttons for the grouplist -->
					<include>HomeSubMenuTVShows</include>
				</control>
				<control type="grouplist" id="9011">
					<include>HomeSubMenuCommonValues</include>
					<onleft>9011</onleft>
					<onright>9011</onright>
					<visible>Container(9000).HasFocus(3)</visible>
					<animation effect="fade" delay="200" time="200">Visible</animation>
					<!-- Buttons for the grouplist -->
					<include>HomeSubMenuMusic</include>
				</control>
				<control type="grouplist" id="9012">
					<include>HomeSubMenuCommonValues</include>
					<onleft>9012</onleft>
					<onright>9012</onright>
					<visible>Container(9000).HasFocus(5)</visible>
					<animation effect="fade" delay="200" time="200">Visible</animation>
					<!-- Buttons for the grouplist -->
					<include>HomeSubMenuSystem</include>
				</control>
				<control type="grouplist" id="9013">
					<include>HomeSubMenuCommonValues</include>
					<onleft>9013</onleft>
					<onright>9013</onright>
					<visible>Container(9000).HasFocus(6)</visible>
					<!--Buttons for the grouplist -->
					<include>HomeSubMenuPlayDisc</include>
				</control>
				<control type="grouplist" id="9014">
					<include>HomeSubMenuCommonValues</include>
					<onleft>9014</onleft>
					<onright>9014</onright>
					<visible>Container(9000).HasFocus(12)</visible>
					<!-- Buttons for the grouplist -->
					<include>HomeSubMenuTV</include>
				</control>
				<control type="grouplist" id="9015">
					<include>HomeSubMenuCommonValues</include>
					<onleft>9015</onleft>
					<onright>9015</onright>
					<visible>Container(9000).HasFocus(17)</visible>
					<!-- Buttons for the grouplist -->
					<include>HomeSubMenulan</include>
				</control>
				<control type="grouplist" id="9061">
					<include>HomeSubMenuCommonValues</include>
					<onleft>9061</onleft>
					<onright>9061</onright>
					<visible>Container(9000).HasFocus(61)</visible>
					<!-- Buttons for the grouplist -->
					<include>HomeSubMenuRadio</include>
				</control>
				<control type="grouplist" id="9030">
					<include>HomeSubMenuCommonValues</include>
					<onleft>9030</onleft>
					<onright>9030</onright>
					<visible>Container(9000).HasFocus(1)</visible>
					<!--Buttons for the grouplist -->
					<include>HomeSubMenuAddons</include>
				</control>
			</control>
			<control type="list" id="9000">
				<left>0</left>
				<top>258</top>
				<width>2250</width>
				<height>120</height>
				<alignx>center</alignx> 
				<onleft>9000</onleft>
				<onright>9000</onright>
				<onup condition="String.IsEmpty(Window(home).Property(SetDefaultHomeItem))">601</onup>
				<onup condition="!String.IsEmpty(Window(home).Property(SetDefaultHomeItem))">9999</onup>
				<ondown>9001</ondown>
				<onback condition="!Player.Playing">SetFocus(90031)</onback>
				<pagecontrol />
				<scrolltime>300</scrolltime>
				<focusposition>2</focusposition>
				<movement>1</movement>
				<orientation>Horizontal</orientation>
				<animation effect="slide" start="0" end="183,0" condition="String.IsEqual(Container(9000).NumItems,11)">Conditional</animation>
				<animation effect="slide" start="0" end="243,0" condition="String.IsEqual(Container(9000).NumItems,10)">Conditional</animation>
				<animation effect="slide" start="0" end="306,0" condition="String.IsEqual(Container(9000).NumItems,9)">Conditional</animation>
				<animation effect="slide" start="0" end="365,0" condition="String.IsEqual(Container(9000).NumItems,8)">Conditional</animation>
				<animation effect="slide" start="0" end="423,0" condition="String.IsEqual(Container(9000).NumItems,7)">Conditional</animation>
				<animation effect="slide" start="0" end="482,0" condition="String.IsEqual(Container(9000).NumItems,6)">Conditional</animation>
				<animation effect="slide" start="0" end="540,0" condition="String.IsEqual(Container(9000).NumItems,5)">Conditional</animation>
				<animation effect="slide" start="0" end="602,0" condition="String.IsEqual(Container(9000).NumItems,4)">Conditional</animation>
				<animation effect="slide" start="0" end="662,0" condition="String.IsEqual(Container(9000).NumItems,3)">Conditional</animation>
				<animation effect="slide" start="0" end="721,0" condition="String.IsEqual(Container(9000).NumItems,2)">Conditional</animation>
				<animation effect="slide" start="0" end="793,0" condition="String.IsEqual(Container(9000).NumItems,1)">Conditional</animation>
				<itemlayout height="100" width="120">
						<control type="image" >					
					        <top>15</top>
							 <left>50</left> 
							<width>66</width>
					        <height>66</height>
					       <texture>$INFO[ListItem.Art(thumb)]</texture>
						   <visible>!Skin.HasSetting(UseOldIcon)</visible>
					      </control>	
                        <control type="image" >					
					        <top>15</top>
							 <left>50</left> 
							<width>66</width>
					        <height>66</height>
					       <texture>$INFO[ListItem.Property(thumb2)]</texture>
						   <visible>Skin.HasSetting(UseOldIcon)</visible>
					      </control>	 					
				</itemlayout>
				 <focusedlayout height="100" width="315">
					       <control type="image">
								<top>2</top>
								<left>25</left> 
								<height>90</height>
								<align>center</align>
								<aligny>center</aligny>								
								<aspectratio>stretch</aspectratio>
								<texture>common/menu_h.png</texture>
								<visible>Control.HasFocus(9000)</visible>
								<animation effect="zoom" start="100" end="110" time="0" center="80,50">Focus</animation>
							</control>
							 <control type="image">
								<top>2</top>
								<left>25</left> 
								<height>90</height>
								<align>center</align>
								<aligny>center</aligny>
								<textcolor>grey</textcolor>
								<aspectratio>stretch</aspectratio>
								<texture>common/menu_h_off.png</texture>
								<visible>!Control.HasFocus(9000)</visible>
							</control>
						<control type="image" >					
					        <top>15</top>
							<left>50</left> 
							<width>66</width>
					        <height>66</height>
					       <texture>$INFO[ListItem.Art(thumb)]</texture>
					       <visible>!Skin.HasSetting(UseOldIcon)</visible>
						   <animation effect="zoom" start="100" end="140" time="100" center="50,51">Focus</animation>
					      </control>	
                        <control type="image" >					
					        <top>15</top>
							 <left>50</left> 
							<width>66</width>
					        <height>66</height>
					       <texture>$INFO[ListItem.Property(thumb2)]</texture>
						   <visible>Skin.HasSetting(UseOldIcon)</visible>
						   <animation effect="zoom" start="100" end="140" time="100" center="50,51">Focus</animation>
					      </control>	 	
							<control type="label">
							    <top>23</top>
							    <left>133</left> 
								<width>160</width>
								<height>46</height>
								<font>font24_title</font>
								<align>center</align>
								<aligny>center</aligny>								
								<label>$INFO[ListItem.Label]</label>
								<animation effect="zoom" start="100" end="110" time="0" center="30,50">Focus</animation>
							</control>				
				</focusedlayout>
				<content>
					<item id="12">
						<label>839</label>
						<label2>$VAR[tvpagecustombg]</label2>
						<onclick>ActivateWindow(TVChannels)</onclick>
						<icon />
						<thumb>$VAR[tvpagecustomicon]</thumb>
						<property name="thumb2">icons/TV1.png</property>
						<property name="background">$VAR[tvpagecustomfolder]</property>
						<visible>[!Skin.HasSetting(HomeMenuNoTVButton) + !System.IsMaster] | [!Skin.HasSetting(MasterHomeMenuNoTVButton) + System.IsMaster]</visible>
					</item>
					<item id="15">
						<label>搜索</label>
						<label2>$VAR[searchpagecustombg]</label2>
						<onclick condition="System.AddonIsEnabled(script.globalsearch)">RunScript(script.globalsearch)</onclick>
					<onclick condition="!System.AddonIsEnabled(script.globalsearch) + System.HasAddon(script.globalsearch)">EnableAddon(script.globalsearch)</onclick>
					<onclick condition="!System.HasAddon(script.globalsearch)">InstallAddon(script.globalsearch)</onclick>
						<icon />
						<thumb>$VAR[searchpagecustomicon]</thumb>
						<property name="thumb2">icon_search.png</property>
						<property name="background">$VAR[searchpagecustomfolder]</property>
						<visible>!Skin.HasSetting(HomepageHideSearch)</visible>
					</item>
					<item id="16">
						<label>网盘</label>
						<label2>$VAR[clouddrivepagecustombg]</label2>
						<onclick condition="!Skin.HasSetting(cd2UseCustompath) | String.IsEmpty(Skin.String(cd2Custompath))">ActivateWindow(Videos,/storage/videos/CloudNAS/CloudDrive,return)</onclick>
						<onclick condition="Skin.HasSetting(cd2UseCustompath) + !String.IsEmpty(Skin.String(cd2Custompath))">ActivateWindow(Videos,$INFO[Skin.String(cd2Custompath)],return)</onclick>
						<icon />
						<thumb>$VAR[clouddrivepagecustomicon]</thumb>
						<property name="thumb2">icons/clouddrive1.png</property>
						<property name="background">$VAR[clouddrivepagecustomfolder]</property>
						<visible>!Skin.HasSetting(HomeMenuNoclouddrive)</visible>
					</item>
					<item id="17">
						<label> 本地网络</label>
						<label2>$VAR[lanpagecustombg]</label2>
						<onclick condition="!Skin.HasSetting(lanUseCustompath) | String.IsEmpty(Skin.String(lanCustompath))">ActivateWindow(Videos,SMB://,return)</onclick>
						<onclick condition="Skin.HasSetting(lanUseCustompath) + !String.IsEmpty(Skin.String(lanCustompath))">ActivateWindow(Videos,$INFO[Skin.String(lanCustompath)],return)</onclick>
						<icon />
						<thumb>$VAR[lanpagecustomicon]</thumb>
						<property name="thumb2">icons/lan1.png</property>
						<property name="background">$VAR[lanpagecustomfolder]</property>
						<visible>[!Skin.HasSetting(HomeMenuNolandrive) + !System.IsMaster] | [!Skin.HasSetting(HomeMenuNolandrive) + System.IsMaster]</visible>
					</item>
				    <item id="61">
						<label>本地硬盘</label>
						<label2>$VAR[localdrivepagecustombg]</label2>
						<onclick>ActivateWindow(Videos,/var/media,return)</onclick>
						<icon />
						<thumb>$VAR[localdrivepagecustomicon]</thumb>
						<property name="thumb2">icons/DVD1.png</property>
						<property name="background">$VAR[localdrivepagecustomfolder]</property>
						<visible>Skin.HasSetting(HomeMenuNolocaldrive) | Integer.IsGreater(Container(9023).NumItems,0)</visible>
					</item>
					<item id="2">
						<label>14022</label>
						<label2>$VAR[librarypagecustombg]</label2>
						<onclick condition="!Skin.HasSetting(libraryUseCustompath) | String.IsEmpty(Skin.String(libraryCustompath))">ActivateWindow(Videos,root)</onclick>
						<onclick condition="Skin.HasSetting(libraryUseCustompath) + !String.IsEmpty(Skin.String(libraryCustompath))">ActivateWindow(Videos,$INFO[Skin.String(libraryCustompath)],return)</onclick>
						<icon />
						<thumb>$VAR[librarypagecustomicon]</thumb>
						<property name="thumb2">icons/Videos1.png</property>
						<property name="background">$VAR[librarypagecustomfolder]</property>
						<visible>[!Skin.HasSetting(HomeMenuNoVideosButton) + !System.IsMaster] | [!Skin.HasSetting(MasterHomeMenuNoVideosButton) + System.IsMaster]</visible>
					</item>
					<item id="10">
						<label>31954</label>
						<label2>$VAR[moviepagecustombg]</label2>
						<onclick condition="System.IsMaster | !Skin.HasSetting(HomeMenuMovieUsePlaylist)">ActivateWindow(Videos,MovieTitles,return)</onclick>
						<onclick condition="!System.IsMaster + Skin.HasSetting(HomeMenuMovieUsePlaylist)">ActivateWindow(Videos,$INFO[Skin.String(HomeMenuMoviePlaylist)],return)</onclick>
						<icon />
						<thumb>$VAR[moviepagecustomicon]</thumb>
						<property name="thumb2">icons/Movie1.png</property>
						<property name="background">$VAR[moviepagecustomfolder]</property>
						<visible>[!Skin.HasSetting(HomeMenuNoMovieButton) + !System.IsMaster] | [!Skin.HasSetting(MasterHomeMenuNoMovieButton) + System.IsMaster]</visible>
					</item>
					<item id="11">
						<label>31955</label>
						<label2>$VAR[TVShowpagecustombg]</label2>
						<onclick condition="System.IsMaster | !Skin.HasSetting(HomeMenuTVShowUsePlaylist)">ActivateWindow(Videos,TVShowTitles,return)</onclick>
						<onclick condition="!System.IsMaster + Skin.HasSetting(HomeMenuTVShowUsePlaylist)">ActivateWindow(Videos,$INFO[Skin.String(HomeMenuTVShowPlaylist)],return)</onclick>
						<icon />
						<thumb>$VAR[TVShowpagecustomicon]</thumb>
						<property name="thumb2">icons/TVShow1.png</property>
						<property name="background">$VAR[TVShowpagecustomfolder]</property>
						<visible>[!Skin.HasSetting(HomeMenuNoTVShowButton) + !System.IsMaster] | [!Skin.HasSetting(MasterHomeMenuNoTVShowButton) + System.IsMaster]</visible>
					</item>
					<item id="3">
						<label>31956</label>
						<label2>$VAR[Musicpagecustombg]</label2>
						<onclick condition="[System.IsMaster | !Skin.HasSetting(HomeMenuMusicUsePlaylist)] + String.IsEqual(Window.Property(MusicDirectLink),True)">ActivateWindow(Music)</onclick>
						<onclick condition="[System.IsMaster | !Skin.HasSetting(HomeMenuMusicUsePlaylist)] + !String.IsEqual(Window.Property(MusicDirectLink),True)">ActivateWindow(Music,root)</onclick>
						<onclick condition="!System.IsMaster + Skin.HasSetting(HomeMenuMusicUsePlaylist)">ActivateWindow(Music,$INFO[Skin.String(HomeMenuMusicPlaylist)],return)</onclick>
						<icon />
						<thumb>$VAR[Musicpagecustomicon]</thumb>
						<property name="thumb2">icons/Music1.png</property>
						<property name="background">$VAR[Musicpagecustomfolder]</property>
						<visible>[!Skin.HasSetting(HomeMenuNoMusicButton) + !System.IsMaster] | [!Skin.HasSetting(MasterHomeMenuNoMusicButton) + System.IsMaster]</visible>
					</item>
					<item id="1">
						<label>31957</label>
						<label2>$VAR[Programspagecustombg]</label2>
						<onclick condition="!System.Platform.Android">ActivateWindow(Programs,Addons,return)</onclick>
						<onclick condition="System.Platform.Android">ActivateWindow(Programs)</onclick>
						<icon />
						<thumb>$VAR[Programspagecustomicon]</thumb>
						<property name="thumb2">icons/addon1.png</property>
						<property name="background">$VAR[Programspagecustomfolder]</property>
						<visible>[Skin.HasSetting(HomeMenuNoProgramsButton) + !System.IsMaster] | [Skin.HasSetting(MasterHomeMenuNoProgramsButton) + System.IsMaster]</visible>
					</item>
					<item id="6">
						<label>31958</label>
						<label2>bg/search.jpg</label2>
						<onclick>PlayDVD()</onclick>
						<icon />
						<thumb>icons/DVD.png</thumb>
						<property name="thumb2">icons/DVD1.png</property>
						<property name="background">$VAR[tvpagecustomfolder]</property>
						<visible>System.HasMediaDVD | System.HasMediaAudioCD</visible>
					</item>
					<item id="5">
						<label>31959</label>
						<label2>$VAR[settingspagecustombg]</label2>
						<onclick>ActivateWindow(Settings)</onclick>
						<icon />
						<thumb>$VAR[settingspagecustomicon]</thumb>
						<property name="thumb2">icons/Settings1.png</property>
						<property name="background">$VAR[settingspagecustomfolder]</property>
						<visible>[!Skin.HasSetting(HomeMenuNoSystemButton) + !System.IsMaster] | System.IsMaster</visible>
					</item>
				</content>				
			</control>
			<control type="group" id="7002">
					<visible>Container(9000).OnNext | Container(9000).OnPrevious</visible>
					<animation effect="fade" time="1000" end="0" reversible="false">Hidden</animation>
				</control>	
				<control type="group" id="7003">
					<visible>Container(9000).OnNext | Container(9000).OnPrevious</visible>
					<animation effect="fade" time="5000" end="0" reversible="false">Hidden</animation>
				</control>
		</control>
		<control type="group" id="9002">
			<depth>DepthMenu</depth>
			<onup condition="Control.IsVisible(8000) + Container(9000).HasFocus(10)">8000</onup>
			<onup condition="Control.IsVisible(8005) + Container(9000).HasFocus(10)">8005</onup>
			<onup condition="Control.IsVisible(8007) + Container(9000).HasFocus(11)">8007</onup>
			<onup condition="Control.IsVisible(8009) + Container(9000).HasFocus(3)">8009</onup>
			<onup condition="Control.IsVisible(8003) + Container(9000).HasFocus(2)">8003</onup>
			<onup>9003</onup>
			<ondown condition="Control.IsVisible(600)">600</ondown>
			<ondown condition="!Control.IsVisible(600)">9000</ondown>
			
		</control>
		</control>
		<control type="group">
			<depth>DepthMenu-</depth>
			<left>0</left>
			<top>50r</top>
			<visible>system.getbool(lookandfeel.enablerssfeeds)</visible>
			<include>Window_OpenClose_Animation</include>
			<control type="rss">
				<description>RSS feed</description>
				<left>150</left>
				<top>0</top>
				<height>45</height>
				<width>1718</width>
				<font>font12</font>
				<urlset>1</urlset>
				<textcolor>blue</textcolor>
				<titlecolor>blue</titlecolor>
				<headlinecolor>white</headlinecolor>
			</control>
			<control type="image">
				<description>RSS background</description>
				<left>1875</left>
				<top>3</top>
				<width>36</width>
				<height>36</height>
				<texture>icon-rss.png</texture>
			</control>
		</control>
		<control type="group" id="10">
			<depth>DepthFooter</depth>
			<left>30</left>
			<top>83r</top>
			<include>Window_OpenClose_Animation</include>
			<control type="group">
				<visible>false</visible>
				<visible>!Skin.HasSetting(HomepageHideFavourite)</visible>
				<control type="button" id="20">
					<description>Favourites push button</description>
					<left>83</left>
					<top>0</top>
					<width>68</width>
					<height>68</height>
					<label>31003</label>
					<font />
					<onclick>ActivateWindow(Favouritesbrowser)</onclick>
					<texturefocus border="5">floor_buttonFO.png</texturefocus>
					<texturenofocus border="5">floor_button.png</texturenofocus>
					<onleft>21</onleft>
					<onright>22</onright>
					<onup>9001</onup>
					<ondown>9003</ondown>
				</control>
				<control type="image">
					<description>Favourites Icon</description>
					<left>90</left>
					<top>8</top>
					<width>53</width>
					<height>53</height>
					<aspectratio>keep</aspectratio>
					<texture>icon_favourites.png</texture>
				</control>
			</control>
			<!--control type="group">
				<control type="button" id="21">
					<description>Power push button</description>
					<left>0</left>
					<top>0</top>
					<width>68</width>
					<height>68</height>
					<label>1036</label>
					<font />
					<onclick>ActivateWindow(ShutdownMenu)</onclick>
					<texturefocus border="5">floor_buttonFO.png</texturefocus>
					<texturenofocus border="5">floor_button.png</texturenofocus>
					<onleft>22</onleft>
					<onright>20</onright>
					<onup>9001</onup>
					<ondown>9003</ondown>
				</control>
				<control type="image">
					<description>Power Icon</description>
					<left>8</left>
					<top>8</top>
					<width>53</width>
					<height>53</height>
					<aspectratio>keep</aspectratio>
					<texture>icon_power.png</texture>
				</control>
			</control-->
			<control type="group">
				<visible>false</visible>
				<visible>!Skin.HasSetting(HomepageHideSearch)</visible>
				<animation effect="slide" start="0,0" end="-83,0" time="0" condition="Skin.HasSetting(HomepageHideSearch)">conditional</animation>
				<control type="button" id="22">
					<description>Search push button</description>
					<left>165</left>
					<top>0</top>
					<width>68</width>
					<height>68</height>
					<label>137</label>
					<font />
					<onclick condition="System.AddonIsEnabled(script.globalsearch)">RunScript(script.globalsearch)</onclick>
					<onclick condition="!System.AddonIsEnabled(script.globalsearch) + System.HasAddon(script.globalsearch)">EnableAddon(script.globalsearch)</onclick>
					<onclick condition="!System.HasAddon(script.globalsearch)">InstallAddon(script.globalsearch)</onclick>
					<texturefocus border="5">floor_buttonFO.png</texturefocus>
					<texturenofocus border="5">floor_button.png</texturenofocus>
					<onleft>20</onleft>
					<onright>21</onright>
					<onup>9001</onup>
					<ondown>9003</ondown>
				</control>
				<control type="image">
					<description>Search Icon</description>
					<left>173</left>
					<top>8</top>
					<width>53</width>
					<height>53</height>
					<aspectratio>keep</aspectratio>
					<texture>icon_search.png</texture>
				</control>
			</control>
		</control>
		<control type="group">
			<depth>DepthHeader</depth>
			<control type="image">
				<description>LOGO</description>
				<left>15</left>
				<top>8</top>
				<width>200</width>
				<height>100</height>
				<aspectratio aligny="top" align="left">keep</aspectratio>
				<texture>logo.png</texture>
				<include>VisibleFadeEffect</include>
				<include>Window_OpenClose_Animation</include>
				<visible>!Skin.HasSetting(homepageWeatherinfo)</visible>
			</control>
			<control type="group">
				<left>30</left>
				<top>0</top>
				<visible>Skin.HasSetting(homepageWeatherinfo) + !String.IsEmpty(Weather.Plugin)</visible>
				<include>Window_OpenClose_Animation</include>
				<control type="image">
					<description>Weather image</description>
					<left>0</left>
					<top>0</top>
					<width>90</width>
					<height>90</height>
					<aspectratio>keep</aspectratio>
					<texture>$INFO[Weather.ConditionsIcon]</texture>
				</control>
				<control type="label">
					<description>Location label</description>
					<left>98</left>
					<top>8</top>
					<width>750</width>
					<height>23</height>
					<align>left</align>
					<aligny>center</aligny>
					<font>font10</font>
					<textcolor>white</textcolor>
					<shadowcolor>black</shadowcolor>
					<label>$INFO[Window(Weather).Property(Location)]</label>
				</control>
				<control type="grouplist">
					<left>98</left>
					<top>30</top>
					<width>1500</width>
					<height>45</height>
					<orientation>horizontal</orientation>
					<align>left</align>
					<itemgap>0</itemgap>
					<control type="label">
						<description>Temp label</description>
						<width min="0" max="450">auto</width>
						<height>45</height>
						<align>left</align>
						<aligny>center</aligny>
						<font>font28_title</font>
						<textcolor>white</textcolor>
						<shadowcolor>black</shadowcolor>
						<label>[B]$INFO[Window(Weather).Property(Current.Temperature)][/B]</label>
					</control>
					<control type="label">
						<description>Temp Units</description>
						<width min="0" max="150">auto</width>
						<height>33</height>
						<font>font10</font>
						<aligny>center</aligny>
						<label>$INFO[System.TemperatureUnits]</label>
						<textcolor>white</textcolor>
						<shadowcolor>black</shadowcolor>
						<visible>!String.IsEmpty(Window(Weather).Property(Current.Temperature))</visible>
					</control>
					<control type="label">
						<description>Conditions Label</description>
						<width>750</width>
						<height>33</height>
						<font>font10</font>
						<aligny>center</aligny>
						<label>$INFO[Window(Weather).Property(Current.Condition),  ]</label>
						<textcolor>grey2</textcolor>
						<shadowcolor>black</shadowcolor>
					</control>
				</control>
			</control>
			<include>Clock</include>
			<control type="label">
				<description>Date label</description>
				<right>30</right>
				<top>53</top>
				<width>450</width>
				<height>23</height>
				<align>right</align>
				<aligny>center</aligny>
				<font>font10</font>
				<textcolor>white</textcolor>
				<shadowcolor>black</shadowcolor>
				<label>$INFO[System.Date]</label>
				<include>Window_OpenClose_Animation</include>
				<animation effect="slide" start="0,0" end="-60,0" time="75" condition="Player.Muted">conditional</animation>
			</control>
		</control>
		<control type="button" id="9999">
			<centerleft>50%</centerleft>
			<top>875</top>
			<width>950</width>
			<height>63</height>
			<align>center</align>
			<aligny>center</aligny>
			<shadowcolor>black</shadowcolor>
			<texturefocus />
			<texturenofocus />
			<font>font16</font>
			<label>$LOCALIZE[31019]</label>
			<textcolor>ffFFA500</textcolor>
			<onfocus condition="String.IsEqual(Container(9000).CurrentItem,1)">Skin.SetString(DefaultHomeFocus,0)</onfocus>
			<onfocus condition="String.IsEqual(Container(9000).CurrentItem,2)">Skin.SetString(DefaultHomeFocus,1)</onfocus>
			<onfocus condition="String.IsEqual(Container(9000).CurrentItem,3)">Skin.SetString(DefaultHomeFocus,2)</onfocus>
			<onfocus condition="String.IsEqual(Container(9000).CurrentItem,4)">Skin.SetString(DefaultHomeFocus,3)</onfocus>
			<onfocus condition="String.IsEqual(Container(9000).CurrentItem,5)">Skin.SetString(DefaultHomeFocus,4)</onfocus>
			<onfocus condition="String.IsEqual(Container(9000).CurrentItem,6)">Skin.SetString(DefaultHomeFocus,5)</onfocus>
			<onfocus condition="String.IsEqual(Container(9000).CurrentItem,7)">Skin.SetString(DefaultHomeFocus,6)</onfocus>
			<onfocus condition="String.IsEqual(Container(9000).CurrentItem,8)">Skin.SetString(DefaultHomeFocus,7)</onfocus>
			<onfocus condition="String.IsEqual(Container(9000).CurrentItem,9)">Skin.SetString(DefaultHomeFocus,8)</onfocus>
			<onfocus condition="String.IsEqual(Container(9000).CurrentItem,10)">Skin.SetString(DefaultHomeFocus,9)</onfocus>
			<onfocus condition="String.IsEqual(Container(9000).CurrentItem,11)">Skin.SetString(DefaultHomeFocus,10)</onfocus>
			<onfocus condition="String.IsEqual(Container(9000).CurrentItem,12)">Skin.SetString(DefaultHomeFocus,11)</onfocus>
			<onfocus>Skin.SetString(DefaultHomeFocusItem,$INFO[Container(9000).ListItem.Label])</onfocus>
			<onfocus>ClearProperty(SetDefaultHomeItem,home)</onfocus>
			<onfocus condition="Window.Previous(skinsettings)">ActivateWindow(skinsettings)</onfocus>
			<visible>!String.IsEmpty(Window(home).Property(SetDefaultHomeItem))</visible>
		</control>
	</controls>
</window>
